date,tavg,humidity,windspeed,conditions,source_file
2022-01-01,54.9,78.6,13.9,"Rain, Partially cloudy",weather_hail_2022.csv
2022-01-02,54.3,80.8,30.0,"Rain, Partially cloudy",weather_hail_2022.csv
2022-01-03,51.4,68.4,16.1,Partially cloudy,weather_hail_2022.csv
2022-01-04,50.3,62.6,13.9,Clear,weather_hail_2022.csv
2022-01-05,48.5,63.7,9.2,Clear,weather_hail_2022.csv
2022-01-06,49.1,63.2,9.2,Clear,weather_hail_2022.csv
2022-01-07,52.2,53.2,11.4,Clear,weather_hail_2022.csv
2022-01-08,57.8,43.4,11.4,Partially cloudy,weather_hail_2022.csv
2022-01-09,61.4,42.7,11.4,Clear,weather_hail_2022.csv
2022-01-10,59.7,69.6,13.9,"Rain, Partially cloudy",weather_hail_2022.csv
2022-01-11,59.9,75.8,20.8,"Rain, Partially cloudy",weather_hail_2022.csv
2022-01-12,61.0,72.2,11.4,Partially cloudy,weather_hail_2022.csv
2022-01-13,65.4,54.2,18.3,"Rain, Partially cloudy",weather_hail_2022.csv
2022-01-14,57.8,69.5,11.4,"Rain, Partially cloudy",weather_hail_2022.csv
2022-01-15,51.2,65.3,11.4,Partially cloudy,weather_hail_2022.csv
2022-01-16,48.8,58.3,13.9,Clear,weather_hail_2022.csv
2022-01-17,47.0,64.4,13.9,Partially cloudy,weather_hail_2022.csv
2022-01-18,41.2,51.5,11.4,Clear,weather_hail_2022.csv
2022-01-19,47.2,42.2,25.3,Partially cloudy,weather_hail_2022.csv
2022-01-20,43.6,57.2,13.9,Clear,weather_hail_2022.csv
2022-01-21,41.0,50.5,9.2,Clear,weather_hail_2022.csv
2022-01-22,45.7,39.2,13.9,Clear,weather_hail_2022.csv
2022-01-23,55.8,39.0,18.3,Clear,weather_hail_2022.csv
2022-01-24,53.6,40.8,9.2,Clear,weather_hail_2022.csv
2022-01-25,53.4,32.2,11.4,Clear,weather_hail_2022.csv
2022-01-26,57.6,34.4,20.8,Clear,weather_hail_2022.csv
2022-01-27,50.4,35.4,20.8,Clear,weather_hail_2022.csv
2022-01-28,45.8,37.8,9.2,Partially cloudy,weather_hail_2022.csv
2022-01-29,49.9,37.1,11.4,Clear,weather_hail_2022.csv
2022-01-30,50.7,38.5,13.9,Clear,weather_hail_2022.csv
2022-01-31,55.1,40.2,32.2,Partially cloudy,weather_hail_2022.csv
2022-02-01,51.1,40.3,25.3,Clear,weather_hail_2022.csv
2022-02-02,49.6,42.7,13.9,Clear,weather_hail_2022.csv
2022-02-03,63.1,33.8,32.2,Clear,weather_hail_2022.csv
2022-02-04,61.0,38.2,23.0,Clear,weather_hail_2022.csv
2022-02-05,52.1,35.2,16.1,Clear,weather_hail_2022.csv
2022-02-06,49.4,55.2,9.2,Clear,weather_hail_2022.csv
2022-02-07,50.2,46.8,9.2,Clear,weather_hail_2022.csv
2022-02-08,54.9,36.2,9.2,Clear,weather_hail_2022.csv
2022-02-09,60.7,28.9,20.8,Clear,weather_hail_2022.csv
2022-02-10,60.5,36.2,13.9,Partially cloudy,weather_hail_2022.csv
2022-02-11,51.7,40.8,13.9,Clear,weather_hail_2022.csv
2022-02-12,50.1,45.3,13.9,Clear,weather_hail_2022.csv
2022-02-13,50.2,38.1,11.4,Clear,weather_hail_2022.csv
2022-02-14,53.1,26.9,9.2,Clear,weather_hail_2022.csv
2022-02-15,56.9,22.4,13.9,Clear,weather_hail_2022.csv
2022-02-16,57.5,22.7,11.4,Clear,weather_hail_2022.csv
2022-02-17,55.3,20.9,11.4,Partially cloudy,weather_hail_2022.csv
2022-02-18,61.6,34.4,25.3,Partially cloudy,weather_hail_2022.csv
2022-02-19,60.6,34.1,34.4,Partially cloudy,weather_hail_2022.csv
2022-02-20,53.3,48.6,27.7,Clear,weather_hail_2022.csv
2022-02-21,55.1,41.3,16.1,Clear,weather_hail_2022.csv
2022-02-22,56.7,28.6,6.9,Partially cloudy,weather_hail_2022.csv
2022-02-23,65.3,22.4,18.3,Clear,weather_hail_2022.csv
2022-02-24,70.8,37.6,23.0,"Rain, Partially cloudy",weather_hail_2022.csv
2022-02-25,69.1,49.4,18.3,Partially cloudy,weather_hail_2022.csv
2022-02-26,56.4,34.0,16.1,Clear,weather_hail_2022.csv
2022-02-27,57.4,36.9,11.4,Clear,weather_hail_2022.csv
2022-02-28,62.9,31.8,13.9,Clear,weather_hail_2022.csv
2022-03-01,65.9,31.6,18.3,Partially cloudy,weather_hail_2022.csv
2022-03-02,70.2,27.6,13.9,Partially cloudy,weather_hail_2022.csv
2022-03-03,75.1,26.9,32.2,"Rain, Partially cloudy",weather_hail_2022.csv
2022-03-04,60.0,30.0,16.1,Partially cloudy,weather_hail_2022.csv
2022-03-05,64.2,25.1,13.9,Partially cloudy,weather_hail_2022.csv
2022-03-06,68.8,22.7,23.0,Partially cloudy,weather_hail_2022.csv
2022-03-07,72.0,26.4,20.8,Partially cloudy,weather_hail_2022.csv
2022-03-08,67.6,23.7,11.4,Clear,weather_hail_2022.csv
2022-03-09,75.3,20.9,30.0,"Rain, Partially cloudy",weather_hail_2022.csv
2022-03-10,80.0,16.4,23.0,Partially cloudy,weather_hail_2022.csv
2022-03-11,67.9,22.4,25.3,Partially cloudy,weather_hail_2022.csv
2022-03-12,54.8,32.5,11.4,Partially cloudy,weather_hail_2022.csv
2022-03-13,56.8,33.6,11.4,Clear,weather_hail_2022.csv
2022-03-14,63.1,26.9,11.4,Clear,weather_hail_2022.csv
2022-03-15,55.9,34.3,20.8,Clear,weather_hail_2022.csv
2022-03-16,46.4,33.9,20.8,Clear,weather_hail_2022.csv
2022-03-17,47.0,29.2,6.9,Clear,weather_hail_2022.csv
2022-03-18,56.8,17.3,16.1,Clear,weather_hail_2022.csv
2022-03-19,64.3,10.1,13.9,Clear,weather_hail_2022.csv
2022-03-20,62.2,18.1,18.3,Partially cloudy,weather_hail_2022.csv
2022-03-21,63.5,37.4,11.4,"Rain, Partially cloudy",weather_hail_2022.csv
2022-03-22,69.4,23.3,30.0,Clear,weather_hail_2022.csv
2022-03-23,70.9,13.0,27.7,Clear,weather_hail_2022.csv
2022-03-24,61.3,21.7,13.9,Clear,weather_hail_2022.csv
2022-03-25,57.7,23.1,13.9,Clear,weather_hail_2022.csv
2022-03-26,54.4,32.1,9.2,Clear,weather_hail_2022.csv
2022-03-27,57.6,29.7,9.2,Clear,weather_hail_2022.csv
2022-03-28,58.9,21.4,11.4,Partially cloudy,weather_hail_2022.csv
2022-03-29,62.6,19.8,16.1,Clear,weather_hail_2022.csv
2022-03-30,72.1,11.6,23.0,Clear,weather_hail_2022.csv
2022-03-31,75.0,16.7,13.9,Clear,weather_hail_2022.csv
2022-04-01,76.1,15.4,13.9,Clear,weather_hail_2022.csv
2022-04-02,77.4,14.1,13.9,Partially cloudy,weather_hail_2022.csv
2022-04-03,79.5,9.2,18.3,Partially cloudy,weather_hail_2022.csv
2022-04-04,79.4,11.0,13.9,Partially cloudy,weather_hail_2022.csv
2022-04-05,79.3,10.4,16.1,Clear,weather_hail_2022.csv
2022-04-06,81.5,8.9,13.9,Partially cloudy,weather_hail_2022.csv
2022-04-07,78.5,7.9,11.4,Clear,weather_hail_2022.csv
2022-04-08,79.4,13.8,9.2,Partially cloudy,weather_hail_2022.csv
2022-04-09,77.9,14.2,13.9,Partially cloudy,weather_hail_2022.csv
2022-04-10,76.0,13.3,25.3,Partially cloudy,weather_hail_2022.csv
2022-04-11,83.5,14.0,23.0,Partially cloudy,weather_hail_2022.csv
2022-04-12,78.9,9.5,11.4,Partially cloudy,weather_hail_2022.csv
2022-04-13,78.1,10.5,16.1,Partially cloudy,weather_hail_2022.csv
2022-04-14,80.3,15.4,13.9,Partially cloudy,weather_hail_2022.csv
2022-04-15,72.6,19.8,11.4,Clear,weather_hail_2022.csv
2022-04-16,75.4,15.5,13.9,Clear,weather_hail_2022.csv
2022-04-17,76.6,9.2,11.4,Clear,weather_hail_2022.csv
2022-04-18,77.1,12.9,13.9,Partially cloudy,weather_hail_2022.csv
2022-04-19,82.0,12.1,13.9,Partially cloudy,weather_hail_2022.csv
2022-04-20,80.4,17.6,13.9,Partially cloudy,weather_hail_2022.csv
2022-04-21,75.2,20.5,11.4,Partially cloudy,weather_hail_2022.csv
2022-04-22,76.6,14.0,16.1,"Rain, Partially cloudy",weather_hail_2022.csv
2022-04-23,74.8,33.1,18.3,"Rain, Partially cloudy",weather_hail_2022.csv
2022-04-24,70.7,65.2,32.2,"Rain, Partially cloudy",weather_hail_2022.csv
2022-04-25,70.2,61.1,20.8,Rain,weather_hail_2022.csv
2022-04-26,73.1,51.7,11.4,Rain,weather_hail_2022.csv
2022-04-27,75.8,34.7,16.1,"Rain, Partially cloudy",weather_hail_2022.csv
2022-04-28,67.2,72.2,11.4,"Rain, Partially cloudy",weather_hail_2022.csv
2022-04-29,72.3,53.9,9.2,Clear,weather_hail_2022.csv
2022-04-30,79.2,34.7,18.3,Clear,weather_hail_2022.csv
2022-05-01,82.5,17.1,20.8,Clear,weather_hail_2022.csv
2022-05-02,77.2,22.4,16.1,Clear,weather_hail_2022.csv
2022-05-03,81.6,17.6,18.3,Clear,weather_hail_2022.csv
2022-05-04,89.0,12.1,25.3,"Rain, Partially cloudy",weather_hail_2022.csv
2022-05-05,81.1,19.3,16.1,Clear,weather_hail_2022.csv
2022-05-06,73.7,21.3,13.9,Clear,weather_hail_2022.csv
2022-05-07,72.1,23.2,11.4,Clear,weather_hail_2022.csv
2022-05-08,75.1,16.1,9.2,Clear,weather_hail_2022.csv
2022-05-09,76.3,16.2,11.4,Clear,weather_hail_2022.csv
2022-05-10,81.0,12.2,23.0,Clear,weather_hail_2022.csv
2022-05-11,81.0,15.7,11.4,Clear,weather_hail_2022.csv
2022-05-12,80.4,12.2,13.9,Clear,weather_hail_2022.csv
2022-05-13,82.0,14.8,13.9,Clear,weather_hail_2022.csv
2022-05-14,81.2,18.2,9.2,Clear,weather_hail_2022.csv
2022-05-15,84.4,12.6,9.2,Clear,weather_hail_2022.csv
2022-05-16,84.9,17.8,11.4,Clear,weather_hail_2022.csv
2022-05-17,86.8,16.6,18.3,Clear,weather_hail_2022.csv
2022-05-18,90.4,10.6,20.8,Clear,weather_hail_2022.csv
2022-05-19,90.7,9.1,13.9,Clear,weather_hail_2022.csv
2022-05-20,92.9,7.9,16.1,Clear,weather_hail_2022.csv
2022-05-21,87.6,14.1,16.1,Clear,weather_hail_2022.csv
2022-05-22,91.7,13.9,18.3,Clear,weather_hail_2022.csv
2022-05-23,83.4,18.2,20.8,Clear,weather_hail_2022.csv
2022-05-24,79.8,19.7,6.9,Clear,weather_hail_2022.csv
2022-05-25,84.0,13.1,16.1,Clear,weather_hail_2022.csv
2022-05-26,85.2,14.4,20.8,Clear,weather_hail_2022.csv
2022-05-27,82.8,17.0,18.3,Clear,weather_hail_2022.csv
2022-05-28,87.2,10.1,16.1,Clear,weather_hail_2022.csv
2022-05-29,88.5,12.7,13.9,Clear,weather_hail_2022.csv
2022-05-30,90.5,8.5,13.9,Clear,weather_hail_2022.csv
2022-05-31,89.5,8.5,13.9,Clear,weather_hail_2022.csv
2022-06-01,90.6,8.2,23.0,Clear,weather_hail_2022.csv
2022-06-02,92.0,8.7,18.3,Partially cloudy,weather_hail_2022.csv
2022-06-03,91.9,9.4,20.8,Clear,weather_hail_2022.csv
2022-06-04,92.7,6.1,13.9,Partially cloudy,weather_hail_2022.csv
2022-06-05,93.1,12.0,13.9,Partially cloudy,weather_hail_2022.csv
2022-06-06,94.0,14.8,13.9,Clear,weather_hail_2022.csv
2022-06-07,95.0,14.5,13.9,Clear,weather_hail_2022.csv
2022-06-08,94.8,14.0,16.1,Clear,weather_hail_2022.csv
2022-06-09,94.4,11.9,16.1,Clear,weather_hail_2022.csv
2022-06-10,93.2,13.5,11.4,Clear,weather_hail_2022.csv
2022-06-11,93.3,14.3,20.8,Clear,weather_hail_2022.csv
2022-06-12,93.5,12.7,13.9,Clear,weather_hail_2022.csv
2022-06-13,91.3,16.8,16.1,Clear,weather_hail_2022.csv
2022-06-14,92.2,17.8,16.1,Clear,weather_hail_2022.csv
2022-06-15,92.9,17.1,16.1,Clear,weather_hail_2022.csv
2022-06-16,94.4,15.7,20.8,Clear,weather_hail_2022.csv
2022-06-17,95.1,16.8,20.8,Clear,weather_hail_2022.csv
2022-06-18,95.0,15.4,11.4,Clear,weather_hail_2022.csv
2022-06-19,95.7,14.8,13.9,Clear,weather_hail_2022.csv
2022-06-20,97.2,13.6,16.6,Clear,weather_hail_2022.csv
2022-06-21,97.3,16.0,18.3,Clear,weather_hail_2022.csv
2022-06-22,90.2,18.0,13.9,Clear,weather_hail_2022.csv
2022-06-23,88.7,20.8,11.4,Clear,weather_hail_2022.csv
2022-06-24,94.7,15.6,20.8,Partially cloudy,weather_hail_2022.csv
2022-06-25,92.8,12.8,30.0,Clear,weather_hail_2022.csv
2022-06-26,88.3,22.5,16.1,Clear,weather_hail_2022.csv
2022-06-27,88.1,20.2,11.4,Clear,weather_hail_2022.csv
2022-06-28,91.7,18.0,13.9,Clear,weather_hail_2022.csv
2022-06-29,93.0,16.3,20.8,Clear,weather_hail_2022.csv
2022-06-30,92.3,15.8,18.3,Clear,weather_hail_2022.csv
2022-07-01,91.9,15.2,16.1,Clear,weather_hail_2022.csv
2022-07-02,90.2,17.1,13.9,Clear,weather_hail_2022.csv
2022-07-03,89.3,21.2,23.0,Clear,weather_hail_2022.csv
2022-07-04,89.6,20.0,13.9,Clear,weather_hail_2022.csv
2022-07-05,89.5,19.9,20.8,Clear,weather_hail_2022.csv
2022-07-06,87.9,22.5,16.1,Clear,weather_hail_2022.csv
2022-07-07,89.5,23.0,9.2,Clear,weather_hail_2022.csv
2022-07-08,91.6,15.2,11.4,Clear,weather_hail_2022.csv
2022-07-09,92.3,14.3,16.1,Clear,weather_hail_2022.csv
2022-07-10,90.8,13.1,13.9,Clear,weather_hail_2022.csv
2022-07-11,91.2,15.9,18.3,Clear,weather_hail_2022.csv
2022-07-12,90.1,19.6,13.9,Partially cloudy,weather_hail_2022.csv
2022-07-13,92.3,18.7,9.2,Clear,weather_hail_2022.csv
2022-07-14,94.1,16.4,11.4,Clear,weather_hail_2022.csv
2022-07-15,94.9,17.4,13.9,Clear,weather_hail_2022.csv
2022-07-16,93.2,17.4,9.2,Clear,weather_hail_2022.csv
2022-07-17,94.1,15.2,13.9,Clear,weather_hail_2022.csv
2022-07-18,94.5,14.6,18.3,Clear,weather_hail_2022.csv
2022-07-19,95.9,13.7,13.9,Partially cloudy,weather_hail_2022.csv
2022-07-20,96.7,14.0,13.9,Partially cloudy,weather_hail_2022.csv
2022-07-21,98.4,12.9,11.4,Partially cloudy,weather_hail_2022.csv
2022-07-22,97.2,13.9,9.2,Partially cloudy,weather_hail_2022.csv
2022-07-23,98.7,14.8,13.9,Partially cloudy,weather_hail_2022.csv
2022-07-24,98.3,15.5,18.3,Clear,weather_hail_2022.csv
2022-07-25,96.9,14.8,11.4,Clear,weather_hail_2022.csv
2022-07-26,94.5,14.3,13.9,Clear,weather_hail_2022.csv
2022-07-27,93.2,14.2,13.9,Clear,weather_hail_2022.csv
2022-07-28,93.5,13.9,11.4,Partially cloudy,weather_hail_2022.csv
2022-07-29,94.0,12.4,9.2,Partially cloudy,weather_hail_2022.csv
2022-07-30,95.2,15.5,11.4,Partially cloudy,weather_hail_2022.csv
2022-07-31,95.6,16.2,9.2,Partially cloudy,weather_hail_2022.csv
2022-08-01,95.8,14.7,11.4,Partially cloudy,weather_hail_2022.csv
2022-08-02,95.3,19.6,13.9,Partially cloudy,weather_hail_2022.csv
2022-08-03,97.0,31.9,18.3,"Rain, Partially cloudy",weather_hail_2022.csv
2022-08-04,98.0,30.8,20.8,"Rain, Partially cloudy",weather_hail_2022.csv
2022-08-05,99.5,25.9,24.2,Partially cloudy,weather_hail_2022.csv
2022-08-06,100.0,23.3,13.9,Partially cloudy,weather_hail_2022.csv
2022-08-07,101.9,20.4,13.9,Partially cloudy,weather_hail_2022.csv
2022-08-08,99.5,24.8,18.3,Clear,weather_hail_2022.csv
2022-08-09,100.2,21.2,13.9,Clear,weather_hail_2022.csv
2022-08-10,98.5,21.2,11.4,Partially cloudy,weather_hail_2022.csv
2022-08-11,96.8,23.2,16.1,Clear,weather_hail_2022.csv
2022-08-12,96.3,22.5,11.4,Clear,weather_hail_2022.csv
2022-08-13,96.1,22.6,13.9,Clear,weather_hail_2022.csv
2022-08-14,95.1,21.8,11.4,Clear,weather_hail_2022.csv
2022-08-15,94.9,21.1,13.9,Clear,weather_hail_2022.csv
2022-08-16,95.5,20.3,11.4,Clear,weather_hail_2022.csv
2022-08-17,93.8,19.5,13.9,Clear,weather_hail_2022.csv
2022-08-18,94.4,17.5,9.2,Clear,weather_hail_2022.csv
2022-08-19,93.9,18.9,16.1,Partially cloudy,weather_hail_2022.csv
2022-08-20,97.1,18.4,13.9,Partially cloudy,weather_hail_2022.csv
2022-08-21,91.6,19.6,11.4,Clear,weather_hail_2022.csv
2022-08-22,90.8,19.0,16.1,Clear,weather_hail_2022.csv
2022-08-23,89.5,20.7,18.3,Clear,weather_hail_2022.csv
2022-08-24,88.9,17.9,9.2,Clear,weather_hail_2022.csv
2022-08-25,87.8,12.9,11.4,Clear,weather_hail_2022.csv
2022-08-26,89.6,14.2,9.2,Clear,weather_hail_2022.csv
2022-08-27,89.3,17.2,18.3,Clear,weather_hail_2022.csv
2022-08-28,89.2,17.0,9.2,Clear,weather_hail_2022.csv
2022-08-29,88.8,19.0,9.2,Clear,weather_hail_2022.csv
2022-08-30,91.1,15.3,9.2,Clear,weather_hail_2022.csv
2022-08-31,91.5,12.9,13.9,Clear,weather_hail_2022.csv
2022-09-01,91.6,13.4,9.2,Partially cloudy,weather_hail_2022.csv
2022-09-02,92.3,13.2,13.9,Partially cloudy,weather_hail_2022.csv
2022-09-03,92.4,15.6,11.4,Clear,weather_hail_2022.csv
2022-09-04,91.7,14.9,9.2,Clear,weather_hail_2022.csv
2022-09-05,91.5,12.8,9.2,Clear,weather_hail_2022.csv
2022-09-06,91.4,16.3,9.2,Clear,weather_hail_2022.csv
2022-09-07,91.4,15.4,11.4,Clear,weather_hail_2022.csv
2022-09-08,93.9,17.1,13.9,Clear,weather_hail_2022.csv
2022-09-09,92.6,13.7,11.4,Clear,weather_hail_2022.csv
2022-09-10,92.9,15.4,11.4,Clear,weather_hail_2022.csv
2022-09-11,92.3,15.1,9.2,Clear,weather_hail_2022.csv
2022-09-12,91.9,14.7,16.1,Clear,weather_hail_2022.csv
2022-09-13,93.6,13.1,16.1,Clear,weather_hail_2022.csv
2022-09-14,88.5,15.2,9.2,Clear,weather_hail_2022.csv
2022-09-15,87.5,18.3,11.4,Clear,weather_hail_2022.csv
2022-09-16,89.5,16.5,13.9,Clear,weather_hail_2022.csv
2022-09-17,88.9,17.3,18.3,Clear,weather_hail_2022.csv
2022-09-18,89.7,14.3,11.4,Clear,weather_hail_2022.csv
2022-09-19,90.0,14.1,11.4,Partially cloudy,weather_hail_2022.csv
2022-09-20,90.3,19.0,16.1,Partially cloudy,weather_hail_2022.csv
2022-09-21,88.3,22.9,13.9,Partially cloudy,weather_hail_2022.csv
2022-09-22,83.5,27.7,13.9,Clear,weather_hail_2022.csv
2022-09-23,82.9,25.8,11.4,Clear,weather_hail_2022.csv
2022-09-24,83.4,22.5,9.2,Clear,weather_hail_2022.csv
2022-09-25,82.4,23.9,11.4,Clear,weather_hail_2022.csv
2022-09-26,82.5,27.7,11.4,Clear,weather_hail_2022.csv
2022-09-27,83.1,22.4,16.1,Clear,weather_hail_2022.csv
2022-09-28,82.6,20.1,13.9,Clear,weather_hail_2022.csv
2022-09-29,80.6,21.9,13.9,Clear,weather_hail_2022.csv
2022-09-30,77.3,21.4,13.9,Clear,weather_hail_2022.csv
2022-10-01,78.3,27.8,6.9,Clear,weather_hail_2022.csv
2022-10-02,79.2,20.8,11.4,Clear,weather_hail_2022.csv
2022-10-03,79.7,17.4,11.4,Clear,weather_hail_2022.csv
2022-10-04,82.8,17.5,16.1,Partially cloudy,weather_hail_2022.csv
2022-10-05,83.9,17.5,16.1,Partially cloudy,weather_hail_2022.csv
2022-10-06,82.5,17.0,9.2,Clear,weather_hail_2022.csv
2022-10-07,81.5,15.4,9.2,Clear,weather_hail_2022.csv
2022-10-08,81.4,16.3,6.9,Clear,weather_hail_2022.csv
2022-10-09,82.2,16.6,9.2,Clear,weather_hail_2022.csv
2022-10-10,81.5,17.2,13.9,Clear,weather_hail_2022.csv
2022-10-11,80.8,17.1,12.3,Clear,weather_hail_2022.csv
2022-10-12,80.8,16.0,11.4,Clear,weather_hail_2022.csv
2022-10-13,80.2,14.2,23.0,Clear,weather_hail_2022.csv
2022-10-14,79.5,15.9,23.0,Clear,weather_hail_2022.csv
2022-10-15,80.0,16.6,13.9,Clear,weather_hail_2022.csv
2022-10-16,79.3,17.9,11.4,Clear,weather_hail_2022.csv
2022-10-17,79.2,18.3,16.6,Clear,weather_hail_2022.csv
2022-10-18,77.6,18.7,11.4,Clear,weather_hail_2022.csv
2022-10-19,76.8,16.1,9.2,Clear,weather_hail_2022.csv
2022-10-20,78.1,15.7,23.0,Clear,weather_hail_2022.csv
2022-10-21,77.7,19.5,9.2,Clear,weather_hail_2022.csv
2022-10-22,78.0,16.5,16.1,Clear,weather_hail_2022.csv
2022-10-23,76.9,18.0,16.1,Clear,weather_hail_2022.csv
2022-10-24,78.0,19.2,13.9,Clear,weather_hail_2022.csv
2022-10-25,78.3,20.2,11.4,Clear,weather_hail_2022.csv
2022-10-26,78.5,21.2,20.8,Partially cloudy,weather_hail_2022.csv
2022-10-27,77.2,45.9,11.4,"Rain, Partially cloudy",weather_hail_2022.csv
2022-10-28,77.4,30.4,11.4,Clear,weather_hail_2022.csv
2022-10-29,77.5,24.0,16.1,Clear,weather_hail_2022.csv
2022-10-30,77.5,21.8,20.8,Partially cloudy,weather_hail_2022.csv
2022-10-31,76.6,25.0,13.9,Partially cloudy,weather_hail_2022.csv
2022-11-01,76.9,29.1,11.4,Partially cloudy,weather_hail_2022.csv
2022-11-02,73.0,37.3,11.4,Partially cloudy,weather_hail_2022.csv
2022-11-03,67.6,59.0,13.9,Clear,weather_hail_2022.csv
2022-11-04,67.3,45.4,9.2,Partially cloudy,weather_hail_2022.csv
2022-11-05,69.9,37.7,9.2,Partially cloudy,weather_hail_2022.csv
2022-11-06,68.1,40.1,9.2,Clear,weather_hail_2022.csv
2022-11-07,68.8,41.0,11.4,Clear,weather_hail_2022.csv
2022-11-08,67.9,36.6,13.9,Clear,weather_hail_2022.csv
2022-11-09,66.4,35.0,11.4,Partially cloudy,weather_hail_2022.csv
2022-11-10,68.2,36.2,13.9,"Rain, Partially cloudy",weather_hail_2022.csv
2022-11-11,66.2,77.9,18.3,"Rain, Partially cloudy",weather_hail_2022.csv
2022-11-12,64.9,86.2,23.0,"Rain, Partially cloudy",weather_hail_2022.csv
2022-11-13,67.4,76.7,11.4,Partially cloudy,weather_hail_2022.csv
2022-11-14,67.1,82.2,13.9,Partially cloudy,weather_hail_2022.csv
2022-11-15,69.8,74.8,9.2,"Rain, Partially cloudy",weather_hail_2022.csv
2022-11-16,68.1,81.0,13.9,"Rain, Partially cloudy",weather_hail_2022.csv
2022-11-17,65.9,85.7,11.4,"Rain, Partially cloudy",weather_hail_2022.csv
2022-11-18,61.4,97.0,16.1,"Rain, Partially cloudy",weather_hail_2022.csv
2022-11-19,55.8,94.0,16.1,"Rain, Partially cloudy",weather_hail_2022.csv
2022-11-20,57.2,80.9,11.4,"Rain, Partially cloudy",weather_hail_2022.csv
2022-11-21,59.6,66.3,11.4,Clear,weather_hail_2022.csv
2022-11-22,62.7,67.2,13.9,Clear,weather_hail_2022.csv
2022-11-23,66.8,46.9,18.3,Partially cloudy,weather_hail_2022.csv
2022-11-24,62.7,55.9,13.9,"Rain, Partially cloudy",weather_hail_2022.csv
2022-11-25,63.5,59.5,18.3,Rain,weather_hail_2022.csv
2022-11-26,63.0,62.7,6.9,Clear,weather_hail_2022.csv
2022-11-27,67.6,55.4,18.3,Partially cloudy,weather_hail_2022.csv
2022-11-28,68.8,45.6,18.3,Partially cloudy,weather_hail_2022.csv
2022-11-29,67.4,36.7,25.3,"Rain, Partially cloudy",weather_hail_2022.csv
2022-11-30,62.5,66.2,11.4,Partially cloudy,weather_hail_2022.csv
2022-12-01,61.3,73.1,11.4,Partially cloudy,weather_hail_2022.csv
2022-12-02,65.0,58.5,13.9,Partially cloudy,weather_hail_2022.csv
2022-12-03,65.0,53.2,9.2,Partially cloudy,weather_hail_2022.csv
2022-12-04,61.9,62.0,11.4,Partially cloudy,weather_hail_2022.csv
2022-12-05,56.5,74.6,13.9,"Rain, Partially cloudy",weather_hail_2022.csv
2022-12-06,55.8,81.8,9.2,"Rain, Partially cloudy",weather_hail_2022.csv
2022-12-07,57.0,82.7,9.2,"Rain, Partially cloudy",weather_hail_2022.csv
2022-12-08,59.7,73.6,9.2,"Rain, Partially cloudy",weather_hail_2022.csv
2022-12-09,58.3,79.1,9.2,"Rain, Partially cloudy",weather_hail_2022.csv
2022-12-10,56.9,63.6,9.2,Partially cloudy,weather_hail_2022.csv
2022-12-11,57.7,52.1,16.1,Clear,weather_hail_2022.csv
2022-12-12,60.1,59.1,11.4,Partially cloudy,weather_hail_2022.csv
2022-12-13,62.1,49.2,13.9,Clear,weather_hail_2022.csv
2022-12-14,62.4,40.8,9.2,Clear,weather_hail_2022.csv
2022-12-15,59.7,50.3,11.4,Clear,weather_hail_2022.csv
2022-12-16,54.9,82.0,9.2,Partially cloudy,weather_hail_2022.csv
2022-12-17,53.9,74.1,18.6,Partially cloudy,weather_hail_2022.csv
2022-12-18,54.8,70.7,11.4,Clear,weather_hail_2022.csv
2022-12-19,56.4,59.6,9.2,Clear,weather_hail_2022.csv
2022-12-20,58.5,50.5,16.1,Partially cloudy,weather_hail_2022.csv
2022-12-21,60.0,43.8,18.3,Partially cloudy,weather_hail_2022.csv
2022-12-22,56.3,43.0,6.9,Partially cloudy,weather_hail_2022.csv
2022-12-23,53.7,75.4,16.1,"Rain, Partially cloudy",weather_hail_2022.csv
2022-12-24,51.6,71.3,13.9,Partially cloudy,weather_hail_2022.csv
2022-12-25,54.3,61.7,11.4,"Rain, Partially cloudy",weather_hail_2022.csv
2022-12-26,52.7,73.6,13.9,"Rain, Partially cloudy",weather_hail_2022.csv
2022-12-27,47.0,77.0,18.3,"Rain, Partially cloudy",weather_hail_2022.csv
2022-12-28,46.8,76.8,13.9,Partially cloudy,weather_hail_2022.csv
2022-12-29,46.7,77.9,11.4,Clear,weather_hail_2022.csv
2022-12-30,51.1,69.9,13.9,"Rain, Partially cloudy",weather_hail_2022.csv
2022-12-31,51.5,81.7,9.2,"Rain, Partially cloudy",weather_hail_2022.csv
2023-01-01,50.1,94.6,13.9,"Rain, Partially cloudy",weather_hail_2023.csv
2023-01-02,49.2,99.9,11.4,"Rain, Overcast",weather_hail_2023.csv
2023-01-03,54.1,94.2,16.1,"Rain, Partially cloudy",weather_hail_2023.csv
2023-01-04,54.8,81.4,20.8,"Rain, Partially cloudy",weather_hail_2023.csv
2023-01-05,47.4,72.7,9.2,Clear,weather_hail_2023.csv
2023-01-06,46.6,66.6,6.9,Clear,weather_hail_2023.csv
2023-01-07,48.3,68.3,11.4,Clear,weather_hail_2023.csv
2023-01-08,52.2,73.5,18.3,"Rain, Partially cloudy",weather_hail_2023.csv
2023-01-09,54.6,87.0,20.8,"Rain, Partially cloudy",weather_hail_2023.csv
2023-01-10,46.0,78.7,18.3,"Rain, Partially cloudy",weather_hail_2023.csv
2023-01-11,44.8,79.9,11.4,Partially cloudy,weather_hail_2023.csv
2023-01-12,47.2,70.6,13.9,Partially cloudy,weather_hail_2023.csv
2023-01-13,53.6,70.0,11.4,Partially cloudy,weather_hail_2023.csv
2023-01-14,55.2,66.4,13.9,Clear,weather_hail_2023.csv
2023-01-15,49.1,70.4,9.2,Partially cloudy,weather_hail_2023.csv
2023-01-16,51.1,86.6,13.9,"Rain, Partially cloudy",weather_hail_2023.csv
2023-01-17,51.8,64.5,16.6,Clear,weather_hail_2023.csv
2023-01-18,47.0,68.5,9.2,Partially cloudy,weather_hail_2023.csv
2023-01-19,48.3,61.1,9.2,Clear,weather_hail_2023.csv
2023-01-20,52.8,56.4,11.4,Clear,weather_hail_2023.csv
2023-01-21,58.2,49.3,11.4,Partially cloudy,weather_hail_2023.csv
2023-01-22,59.4,53.5,11.4,Partially cloudy,weather_hail_2023.csv
2023-01-23,57.0,69.5,9.2,Partially cloudy,weather_hail_2023.csv
2023-01-24,49.9,94.1,9.2,Partially cloudy,weather_hail_2023.csv
2023-01-25,52.0,86.9,13.9,Partially cloudy,weather_hail_2023.csv
2023-01-26,52.2,74.2,11.4,Partially cloudy,weather_hail_2023.csv
2023-01-27,53.1,76.3,11.4,Partially cloudy,weather_hail_2023.csv
2023-01-28,53.1,66.3,16.1,Clear,weather_hail_2023.csv
2023-01-29,62.3,54.8,13.9,Partially cloudy,weather_hail_2023.csv
2023-01-30,63.5,50.6,23.0,Partially cloudy,weather_hail_2023.csv
2023-01-31,62.1,59.2,32.2,"Rain, Partially cloudy",weather_hail_2023.csv
2023-02-01,53.9,50.5,16.1,Clear,weather_hail_2023.csv
2023-02-02,50.8,46.8,13.9,Clear,weather_hail_2023.csv
2023-02-03,48.8,45.7,9.2,Clear,weather_hail_2023.csv
2023-02-04,53.5,41.6,18.3,Clear,weather_hail_2023.csv
2023-02-05,53.1,41.9,16.1,Partially cloudy,weather_hail_2023.csv
2023-02-06,59.6,27.4,27.7,Partially cloudy,weather_hail_2023.csv
2023-02-07,55.4,37.1,20.8,Partially cloudy,weather_hail_2023.csv
2023-02-08,49.8,45.5,9.2,Partially cloudy,weather_hail_2023.csv
2023-02-09,48.1,45.8,9.2,Partially cloudy,weather_hail_2023.csv
2023-02-10,52.2,48.3,11.4,Partially cloudy,weather_hail_2023.csv
2023-02-11,56.8,47.1,16.1,Partially cloudy,weather_hail_2023.csv
2023-02-12,59.0,38.9,16.1,Partially cloudy,weather_hail_2023.csv
2023-02-13,51.1,50.2,13.9,Partially cloudy,weather_hail_2023.csv
2023-02-14,49.1,63.1,13.9,"Rain, Partially cloudy",weather_hail_2023.csv
2023-02-15,50.3,49.9,20.8,Partially cloudy,weather_hail_2023.csv
2023-02-16,48.6,43.7,11.4,Clear,weather_hail_2023.csv
2023-02-17,47.6,49.0,11.4,Clear,weather_hail_2023.csv
2023-02-18,48.5,41.4,11.4,Partially cloudy,weather_hail_2023.csv
2023-02-19,53.9,37.0,9.2,Partially cloudy,weather_hail_2023.csv
2023-02-20,58.6,32.7,16.1,Clear,weather_hail_2023.csv
2023-02-21,62.9,35.5,13.9,Clear,weather_hail_2023.csv
2023-02-22,63.7,35.8,11.4,Clear,weather_hail_2023.csv
2023-02-23,63.4,38.4,16.1,Clear,weather_hail_2023.csv
2023-02-24,61.0,35.0,13.9,Clear,weather_hail_2023.csv
2023-02-25,62.3,30.6,11.4,Partially cloudy,weather_hail_2023.csv
2023-02-26,62.1,25.4,6.9,Clear,weather_hail_2023.csv
2023-02-27,61.4,45.7,16.1,Clear,weather_hail_2023.csv
2023-02-28,61.5,42.4,13.9,Clear,weather_hail_2023.csv
2023-03-01,63.2,41.4,13.9,Clear,weather_hail_2023.csv
2023-03-02,67.4,39.2,16.1,Partially cloudy,weather_hail_2023.csv
2023-03-03,70.2,38.6,11.4,Partially cloudy,weather_hail_2023.csv
2023-03-04,70.5,27.1,9.2,Partially cloudy,weather_hail_2023.csv
2023-03-05,73.2,38.1,28.9,Partially cloudy,weather_hail_2023.csv
2023-03-06,65.0,78.8,18.3,"Rain, Partially cloudy",weather_hail_2023.csv
2023-03-07,62.7,81.3,23.0,"Rain, Partially cloudy",weather_hail_2023.csv
2023-03-08,64.7,73.4,9.2,"Rain, Partially cloudy",weather_hail_2023.csv
2023-03-09,60.5,50.7,18.3,Clear,weather_hail_2023.csv
2023-03-10,58.1,53.3,9.2,Clear,weather_hail_2023.csv
2023-03-11,60.9,51.4,11.4,Clear,weather_hail_2023.csv
2023-03-12,62.2,65.2,23.0,"Rain, Partially cloudy",weather_hail_2023.csv
2023-03-13,64.1,69.0,13.9,Rain,weather_hail_2023.csv
2023-03-14,67.8,58.7,13.9,Clear,weather_hail_2023.csv
2023-03-15,60.9,43.3,20.8,Clear,weather_hail_2023.csv
2023-03-16,61.2,46.4,9.2,Clear,weather_hail_2023.csv
2023-03-17,67.0,36.6,13.9,Clear,weather_hail_2023.csv
2023-03-18,68.4,35.3,16.6,Clear,weather_hail_2023.csv
2023-03-19,66.5,30.0,18.3,Clear,weather_hail_2023.csv
2023-03-20,60.1,37.8,23.0,Clear,weather_hail_2023.csv
2023-03-21,57.9,47.8,20.8,Partially cloudy,weather_hail_2023.csv
2023-03-22,58.5,44.9,11.4,Clear,weather_hail_2023.csv
2023-03-23,62.1,36.7,6.9,Partially cloudy,weather_hail_2023.csv
2023-03-24,68.0,30.4,18.3,Partially cloudy,weather_hail_2023.csv
2023-03-25,67.6,42.2,13.9,"Rain, Partially cloudy",weather_hail_2023.csv
2023-03-26,62.9,55.4,16.1,"Rain, Partially cloudy",weather_hail_2023.csv
2023-03-27,63.2,54.1,18.3,"Rain, Partially cloudy",weather_hail_2023.csv
2023-03-28,64.4,46.1,13.9,Clear,weather_hail_2023.csv
2023-03-29,68.7,33.4,9.2,Partially cloudy,weather_hail_2023.csv
2023-03-30,69.0,34.0,11.4,Partially cloudy,weather_hail_2023.csv
2023-03-31,57.9,46.1,13.9,Clear,weather_hail_2023.csv
2023-04-01,57.4,30.5,11.4,Clear,weather_hail_2023.csv
2023-04-02,60.9,29.9,9.2,Clear,weather_hail_2023.csv
2023-04-03,64.2,28.8,11.4,Clear,weather_hail_2023.csv
2023-04-04,69.8,23.7,13.9,Partially cloudy,weather_hail_2023.csv
2023-04-05,73.8,21.3,20.8,Partially cloudy,weather_hail_2023.csv
2023-04-06,73.0,23.9,18.3,Partially cloudy,weather_hail_2023.csv
2023-04-07,71.0,31.3,11.4,Partially cloudy,weather_hail_2023.csv
2023-04-08,71.8,40.7,11.4,Clear,weather_hail_2023.csv
2023-04-09,75.1,33.3,13.9,Clear,weather_hail_2023.csv
2023-04-10,70.8,42.9,20.8,"Rain, Partially cloudy",weather_hail_2023.csv
2023-04-11,69.0,66.9,18.3,"Rain, Partially cloudy",weather_hail_2023.csv
2023-04-12,69.3,64.5,30.0,"Rain, Partially cloudy",weather_hail_2023.csv
2023-04-13,61.5,36.5,18.3,Clear,weather_hail_2023.csv
2023-04-14,64.1,45.1,11.4,Partially cloudy,weather_hail_2023.csv
2023-04-15,63.2,68.0,11.4,"Rain, Partially cloudy",weather_hail_2023.csv
2023-04-16,64.7,80.3,13.9,"Rain, Partially cloudy",weather_hail_2023.csv
2023-04-17,69.1,79.3,16.1,"Rain, Partially cloudy",weather_hail_2023.csv
2023-04-18,70.2,65.7,9.2,"Rain, Partially cloudy",weather_hail_2023.csv
2023-04-19,73.0,60.1,11.4,Clear,weather_hail_2023.csv
2023-04-20,75.5,50.2,18.3,"Rain, Partially cloudy",weather_hail_2023.csv
2023-04-21,75.2,42.6,11.4,"Rain, Partially cloudy",weather_hail_2023.csv
2023-04-22,72.5,51.9,13.9,"Rain, Partially cloudy",weather_hail_2023.csv
2023-04-23,73.6,50.7,18.3,"Rain, Partially cloudy",weather_hail_2023.csv
2023-04-24,71.0,55.6,23.0,"Rain, Partially cloudy",weather_hail_2023.csv
2023-04-25,70.8,60.0,11.4,"Rain, Partially cloudy",weather_hail_2023.csv
2023-04-26,70.6,62.2,20.8,Partially cloudy,weather_hail_2023.csv
2023-04-27,73.2,45.8,16.1,"Rain, Partially cloudy",weather_hail_2023.csv
2023-04-28,75.1,34.6,18.3,Clear,weather_hail_2023.csv
2023-04-29,72.8,34.4,13.9,Clear,weather_hail_2023.csv
2023-04-30,72.1,33.8,11.4,Clear,weather_hail_2023.csv
2023-05-01,72.3,30.0,11.4,Clear,weather_hail_2023.csv
2023-05-02,76.6,24.0,11.4,Clear,weather_hail_2023.csv
2023-05-03,78.9,26.1,13.9,Clear,weather_hail_2023.csv
2023-05-04,77.7,24.1,16.1,Clear,weather_hail_2023.csv
2023-05-05,77.6,23.1,16.1,Clear,weather_hail_2023.csv
2023-05-06,82.4,20.2,11.4,Clear,weather_hail_2023.csv
2023-05-07,81.5,17.4,11.4,Clear,weather_hail_2023.csv
2023-05-08,79.3,20.6,18.3,Clear,weather_hail_2023.csv
2023-05-09,78.1,22.3,13.9,Partially cloudy,weather_hail_2023.csv
2023-05-10,80.0,27.3,13.9,Clear,weather_hail_2023.csv
2023-05-11,85.4,19.0,23.0,Clear,weather_hail_2023.csv
2023-05-12,84.3,15.6,13.9,Clear,weather_hail_2023.csv
2023-05-13,83.1,22.0,16.1,Clear,weather_hail_2023.csv
2023-05-14,80.4,21.6,13.9,Partially cloudy,weather_hail_2023.csv
2023-05-15,82.6,22.0,11.4,Partially cloudy,weather_hail_2023.csv
2023-05-16,84.0,22.8,9.2,Clear,weather_hail_2023.csv
2023-05-17,85.9,22.9,11.4,Partially cloudy,weather_hail_2023.csv
2023-05-18,87.7,23.1,23.0,"Rain, Partially cloudy",weather_hail_2023.csv
2023-05-19,87.2,21.4,16.1,Clear,weather_hail_2023.csv
2023-05-20,83.6,17.2,20.8,Clear,weather_hail_2023.csv
2023-05-21,79.0,21.8,13.9,Clear,weather_hail_2023.csv
2023-05-22,84.1,19.6,13.9,Clear,weather_hail_2023.csv
2023-05-23,88.4,18.7,11.4,Partially cloudy,weather_hail_2023.csv
2023-05-24,86.3,25.6,18.3,Partially cloudy,weather_hail_2023.csv
2023-05-25,85.6,27.1,23.0,Partially cloudy,weather_hail_2023.csv
2023-05-26,84.3,29.1,16.1,Partially cloudy,weather_hail_2023.csv
2023-05-27,86.3,22.2,9.2,Partially cloudy,weather_hail_2023.csv
2023-05-28,85.6,25.3,25.3,Partially cloudy,weather_hail_2023.csv
2023-05-29,82.0,38.0,20.8,"Rain, Partially cloudy",weather_hail_2023.csv
2023-05-30,77.1,61.3,13.9,"Rain, Partially cloudy",weather_hail_2023.csv
2023-05-31,81.6,57.0,11.4,Partially cloudy,weather_hail_2023.csv
2023-06-01,85.6,37.1,16.1,Clear,weather_hail_2023.csv
2023-06-02,86.5,30.0,13.9,"Rain, Partially cloudy",weather_hail_2023.csv
2023-06-03,85.7,37.4,18.3,"Rain, Partially cloudy",weather_hail_2023.csv
2023-06-04,86.0,34.2,26.4,"Rain, Partially cloudy",weather_hail_2023.csv
2023-06-05,81.7,49.3,13.9,"Rain, Partially cloudy",weather_hail_2023.csv
2023-06-06,85.1,43.7,18.3,"Rain, Partially cloudy",weather_hail_2023.csv
2023-06-07,87.2,22.7,20.8,Clear,weather_hail_2023.csv
2023-06-08,85.5,23.3,27.7,Clear,weather_hail_2023.csv
2023-06-09,88.0,19.6,18.3,Clear,weather_hail_2023.csv
2023-06-10,92.4,19.8,25.3,Partially cloudy,weather_hail_2023.csv
2023-06-11,91.5,20.4,23.0,Clear,weather_hail_2023.csv
2023-06-12,87.7,21.2,13.9,Clear,weather_hail_2023.csv
2023-06-13,86.3,23.5,13.9,Clear,weather_hail_2023.csv
2023-06-14,90.1,19.1,20.8,Clear,weather_hail_2023.csv
2023-06-15,92.9,16.1,27.7,Clear,weather_hail_2023.csv
2023-06-16,86.9,21.0,20.8,Clear,weather_hail_2023.csv
2023-06-17,87.0,20.5,11.4,Clear,weather_hail_2023.csv
2023-06-18,90.0,18.5,13.9,Clear,weather_hail_2023.csv
2023-06-19,92.3,17.7,16.1,Clear,weather_hail_2023.csv
2023-06-20,91.4,19.9,11.4,Clear,weather_hail_2023.csv
2023-06-21,91.9,18.9,16.1,Clear,weather_hail_2023.csv
2023-06-22,93.1,17.9,23.0,Clear,weather_hail_2023.csv
2023-06-23,94.8,16.5,15.0,Clear,weather_hail_2023.csv
2023-06-24,94.5,13.7,13.9,Clear,weather_hail_2023.csv
2023-06-25,94.1,15.4,20.8,Clear,weather_hail_2023.csv
2023-06-26,93.8,14.2,23.0,Clear,weather_hail_2023.csv
2023-06-27,92.7,13.5,16.1,Clear,weather_hail_2023.csv
2023-06-28,92.5,14.1,9.2,Clear,weather_hail_2023.csv
2023-06-29,93.4,13.3,11.4,Clear,weather_hail_2023.csv
2023-06-30,92.8,14.8,11.4,Clear,weather_hail_2023.csv
2023-07-01,95.0,14.9,13.9,Clear,weather_hail_2023.csv
2023-07-02,95.2,15.3,16.1,Clear,weather_hail_2023.csv
2023-07-03,95.1,14.9,13.9,Clear,weather_hail_2023.csv
2023-07-04,95.4,14.1,11.4,Clear,weather_hail_2023.csv
2023-07-05,93.2,14.2,18.3,Clear,weather_hail_2023.csv
2023-07-06,94.2,14.5,13.9,Clear,weather_hail_2023.csv
2023-07-07,94.0,15.7,11.4,Clear,weather_hail_2023.csv
2023-07-08,95.3,14.7,13.9,Clear,weather_hail_2023.csv
2023-07-09,93.3,15.5,9.2,Clear,weather_hail_2023.csv
2023-07-10,92.2,18.7,11.4,Clear,weather_hail_2023.csv
2023-07-11,94.3,17.2,11.4,Clear,weather_hail_2023.csv
2023-07-12,95.6,17.3,13.9,Clear,weather_hail_2023.csv
2023-07-13,93.5,18.2,9.2,Clear,weather_hail_2023.csv
2023-07-14,93.6,13.5,9.2,Partially cloudy,weather_hail_2023.csv
2023-07-15,94.6,14.0,11.4,Clear,weather_hail_2023.csv
2023-07-16,96.4,12.7,16.1,Clear,weather_hail_2023.csv
2023-07-17,97.7,13.0,23.0,Clear,weather_hail_2023.csv
2023-07-18,95.7,13.7,18.3,Clear,weather_hail_2023.csv
2023-07-19,95.7,14.7,23.0,Clear,weather_hail_2023.csv
2023-07-20,93.4,14.8,20.8,Clear,weather_hail_2023.csv
2023-07-21,96.3,12.6,13.9,Clear,weather_hail_2023.csv
2023-07-22,94.5,12.4,11.4,Partially cloudy,weather_hail_2023.csv
2023-07-23,94.7,12.0,11.4,Clear,weather_hail_2023.csv
2023-07-24,94.2,13.3,9.2,Clear,weather_hail_2023.csv
2023-07-25,94.6,13.7,13.9,Clear,weather_hail_2023.csv
2023-07-26,96.3,14.3,9.2,Clear,weather_hail_2023.csv
2023-07-27,94.7,15.0,11.4,Clear,weather_hail_2023.csv
2023-07-28,94.6,14.4,11.4,Clear,weather_hail_2023.csv
2023-07-29,96.6,13.3,16.1,Clear,weather_hail_2023.csv
2023-07-30,94.7,13.1,13.9,Clear,weather_hail_2023.csv
2023-07-31,97.0,13.1,16.1,Clear,weather_hail_2023.csv
2023-08-01,96.9,15.9,11.4,Clear,weather_hail_2023.csv
2023-08-02,98.3,14.5,16.1,Clear,weather_hail_2023.csv
2023-08-03,96.4,15.0,18.3,Clear,weather_hail_2023.csv
2023-08-04,95.2,15.3,16.1,Clear,weather_hail_2023.csv
2023-08-05,94.0,16.7,13.9,Clear,weather_hail_2023.csv
2023-08-06,92.8,16.9,11.4,Clear,weather_hail_2023.csv
2023-08-07,94.0,14.6,11.4,Clear,weather_hail_2023.csv
2023-08-08,92.9,14.5,16.1,Clear,weather_hail_2023.csv
2023-08-09,93.1,15.4,13.9,Clear,weather_hail_2023.csv
2023-08-10,94.7,15.8,11.4,Clear,weather_hail_2023.csv
2023-08-11,94.5,15.6,11.4,Partially cloudy,weather_hail_2023.csv
2023-08-12,93.5,23.0,13.9,Partially cloudy,weather_hail_2023.csv
2023-08-13,96.5,22.6,13.9,Partially cloudy,weather_hail_2023.csv
2023-08-14,97.5,14.1,11.4,Clear,weather_hail_2023.csv
2023-08-15,95.9,12.8,20.8,Clear,weather_hail_2023.csv
2023-08-16,95.2,13.4,11.4,Clear,weather_hail_2023.csv
2023-08-17,95.4,12.2,16.1,Clear,weather_hail_2023.csv
2023-08-18,95.1,13.5,18.3,Clear,weather_hail_2023.csv
2023-08-19,96.7,17.6,13.9,Clear,weather_hail_2023.csv
2023-08-20,95.6,17.3,20.8,Clear,weather_hail_2023.csv
2023-08-21,94.8,13.0,16.1,Clear,weather_hail_2023.csv
2023-08-22,95.4,14.7,13.9,Partially cloudy,weather_hail_2023.csv
2023-08-23,95.1,14.2,11.4,Clear,weather_hail_2023.csv
2023-08-24,97.0,14.7,9.2,Clear,weather_hail_2023.csv
2023-08-25,96.6,13.8,11.4,Clear,weather_hail_2023.csv
2023-08-26,97.4,15.2,11.4,Clear,weather_hail_2023.csv
2023-08-27,96.7,15.9,13.9,Clear,weather_hail_2023.csv
2023-08-28,92.8,19.0,11.4,Clear,weather_hail_2023.csv
2023-08-29,88.5,22.1,13.9,Clear,weather_hail_2023.csv
2023-08-30,88.6,24.1,9.2,Clear,weather_hail_2023.csv
2023-08-31,90.6,22.7,9.2,Clear,weather_hail_2023.csv
2023-09-01,91.9,18.3,13.9,Clear,weather_hail_2023.csv
2023-09-02,91.0,16.7,18.3,Clear,weather_hail_2023.csv
2023-09-03,91.0,16.9,11.4,Clear,weather_hail_2023.csv
2023-09-04,91.2,15.5,11.4,Clear,weather_hail_2023.csv
2023-09-05,92.4,14.1,9.2,Clear,weather_hail_2023.csv
2023-09-06,93.6,14.7,18.3,Clear,weather_hail_2023.csv
2023-09-07,92.6,17.0,13.9,Clear,weather_hail_2023.csv
2023-09-08,93.3,15.6,9.2,Clear,weather_hail_2023.csv
2023-09-09,94.4,15.6,9.2,Clear,weather_hail_2023.csv
2023-09-10,93.3,14.1,18.3,Partially cloudy,weather_hail_2023.csv
2023-09-11,93.7,19.8,13.9,Partially cloudy,weather_hail_2023.csv
2023-09-12,94.4,19.0,13.9,Partially cloudy,weather_hail_2023.csv
2023-09-13,93.5,13.7,23.0,Clear,weather_hail_2023.csv
2023-09-14,88.7,20.7,13.9,Clear,weather_hail_2023.csv
2023-09-15,92.3,18.1,13.9,Partially cloudy,weather_hail_2023.csv
2023-09-16,92.6,16.5,11.4,Partially cloudy,weather_hail_2023.csv
2023-09-17,94.4,15.6,13.9,Partially cloudy,weather_hail_2023.csv
2023-09-18,92.8,16.4,11.4,Partially cloudy,weather_hail_2023.csv
2023-09-19,91.0,16.8,9.2,Clear,weather_hail_2023.csv
2023-09-20,92.3,15.8,11.4,Clear,weather_hail_2023.csv
2023-09-21,93.6,15.9,20.8,Clear,weather_hail_2023.csv
2023-09-22,93.4,15.5,13.9,Clear,weather_hail_2023.csv
2023-09-23,91.7,15.4,9.2,Clear,weather_hail_2023.csv
2023-09-24,91.6,14.8,20.8,Partially cloudy,weather_hail_2023.csv
2023-09-25,93.4,17.1,20.8,Partially cloudy,weather_hail_2023.csv
2023-09-26,90.2,16.3,16.1,Clear,weather_hail_2023.csv
2023-09-27,88.7,14.3,11.4,Clear,weather_hail_2023.csv
2023-09-28,88.7,14.1,13.9,Partially cloudy,weather_hail_2023.csv
2023-09-29,88.0,16.7,11.4,Clear,weather_hail_2023.csv
2023-09-30,86.3,18.2,11.4,Clear,weather_hail_2023.csv
2023-10-01,86.9,18.5,16.1,Clear,weather_hail_2023.csv
2023-10-02,90.5,17.8,18.3,Partially cloudy,weather_hail_2023.csv
2023-10-03,87.8,24.0,13.9,Partially cloudy,weather_hail_2023.csv
2023-10-04,88.7,21.2,11.4,Partially cloudy,weather_hail_2023.csv
2023-10-05,84.6,28.4,13.9,Clear,weather_hail_2023.csv
2023-10-06,85.2,25.8,20.8,Partially cloudy,weather_hail_2023.csv
2023-10-07,88.3,21.4,18.3,Clear,weather_hail_2023.csv
2023-10-08,86.2,22.5,6.9,Clear,weather_hail_2023.csv
2023-10-09,86.0,21.6,18.3,Partially cloudy,weather_hail_2023.csv
2023-10-10,86.0,19.4,23.0,Partially cloudy,weather_hail_2023.csv
2023-10-11,86.1,19.0,20.8,Partially cloudy,weather_hail_2023.csv
2023-10-12,86.7,20.1,11.4,Partially cloudy,weather_hail_2023.csv
2023-10-13,84.6,25.3,13.9,Clear,weather_hail_2023.csv
2023-10-14,83.2,16.9,11.4,Clear,weather_hail_2023.csv
2023-10-15,81.9,21.4,11.4,Clear,weather_hail_2023.csv
2023-10-16,77.4,35.7,11.4,Clear,weather_hail_2023.csv
2023-10-17,77.4,33.4,13.9,Clear,weather_hail_2023.csv
2023-10-18,80.7,27.1,18.3,Partially cloudy,weather_hail_2023.csv
2023-10-19,78.1,18.5,9.2,Partially cloudy,weather_hail_2023.csv
2023-10-20,77.5,26.3,11.4,Clear,weather_hail_2023.csv
2023-10-21,79.8,27.0,13.9,Partially cloudy,weather_hail_2023.csv
2023-10-22,81.7,27.4,23.0,Partially cloudy,weather_hail_2023.csv
2023-10-23,81.1,32.0,23.0,Partially cloudy,weather_hail_2023.csv
2023-10-24,74.7,42.0,18.3,"Rain, Partially cloudy",weather_hail_2023.csv
2023-10-25,74.1,52.4,18.3,"Rain, Partially cloudy",weather_hail_2023.csv
2023-10-26,72.8,55.2,11.4,Clear,weather_hail_2023.csv
2023-10-27,74.4,60.3,13.9,"Rain, Partially cloudy",weather_hail_2023.csv
2023-10-28,73.4,63.7,23.0,"Rain, Partially cloudy",weather_hail_2023.csv
2023-10-29,69.9,70.4,11.4,"Rain, Partially cloudy",weather_hail_2023.csv
2023-10-30,69.3,67.2,13.9,"Rain, Partially cloudy",weather_hail_2023.csv
2023-10-31,69.1,73.1,13.9,"Rain, Partially cloudy",weather_hail_2023.csv
2023-11-01,71.9,65.6,23.0,"Rain, Partially cloudy",weather_hail_2023.csv
2023-11-02,69.7,76.4,13.9,"Rain, Partially cloudy",weather_hail_2023.csv
2023-11-03,71.7,74.3,13.9,"Rain, Partially cloudy",weather_hail_2023.csv
2023-11-04,72.9,57.2,13.9,Partially cloudy,weather_hail_2023.csv
2023-11-05,70.6,67.4,16.1,Partially cloudy,weather_hail_2023.csv
2023-11-06,68.7,72.9,9.2,Rain,weather_hail_2023.csv
2023-11-07,69.4,62.5,6.9,Clear,weather_hail_2023.csv
2023-11-08,70.2,50.9,6.9,Clear,weather_hail_2023.csv
2023-11-09,70.1,44.3,6.9,Clear,weather_hail_2023.csv
2023-11-10,70.1,42.4,11.4,Clear,weather_hail_2023.csv
2023-11-11,69.7,38.9,13.9,Clear,weather_hail_2023.csv
2023-11-12,70.1,38.9,11.4,Partially cloudy,weather_hail_2023.csv
2023-11-13,73.7,39.8,9.2,Partially cloudy,weather_hail_2023.csv
2023-11-14,69.6,57.2,21.9,"Rain, Partially cloudy",weather_hail_2023.csv
2023-11-15,67.8,67.7,11.4,"Rain, Partially cloudy",weather_hail_2023.csv
2023-11-16,63.4,76.7,6.9,Partially cloudy,weather_hail_2023.csv
2023-11-17,65.1,63.9,9.2,Clear,weather_hail_2023.csv
2023-11-18,67.5,69.5,16.1,"Rain, Partially cloudy",weather_hail_2023.csv
2023-11-19,70.1,72.8,23.0,"Rain, Partially cloudy",weather_hail_2023.csv
2023-11-20,64.5,53.7,16.1,Clear,weather_hail_2023.csv
2023-11-21,59.4,59.2,9.2,Clear,weather_hail_2023.csv
2023-11-22,60.6,63.1,11.4,"Rain, Partially cloudy",weather_hail_2023.csv
2023-11-23,66.3,65.4,23.0,"Rain, Partially cloudy",weather_hail_2023.csv
2023-11-24,56.4,82.5,9.2,Partially cloudy,weather_hail_2023.csv
2023-11-25,62.9,73.7,20.8,Partially cloudy,weather_hail_2023.csv
2023-11-26,69.6,51.5,11.4,Partially cloudy,weather_hail_2023.csv
2023-11-27,67.8,43.7,11.4,Partially cloudy,weather_hail_2023.csv
2023-11-28,59.6,54.7,11.4,Partially cloudy,weather_hail_2023.csv
2023-11-29,60.1,61.8,11.4,Partially cloudy,weather_hail_2023.csv
2023-11-30,63.6,56.3,11.4,Partially cloudy,weather_hail_2023.csv
2023-12-01,64.9,55.1,16.1,Clear,weather_hail_2023.csv
2023-12-02,63.1,49.6,13.9,"Rain, Partially cloudy",weather_hail_2023.csv
2023-12-03,64.2,55.3,16.1,Rain,weather_hail_2023.csv
2023-12-04,64.7,49.9,11.4,Clear,weather_hail_2023.csv
2023-12-05,64.1,45.0,13.9,Clear,weather_hail_2023.csv
2023-12-06,65.2,35.4,13.9,Partially cloudy,weather_hail_2023.csv
2023-12-07,63.5,42.2,9.2,Clear,weather_hail_2023.csv
2023-12-08,66.3,35.8,23.0,Clear,weather_hail_2023.csv
2023-12-09,66.6,37.9,18.3,Partially cloudy,weather_hail_2023.csv
2023-12-10,67.3,39.0,20.8,Partially cloudy,weather_hail_2023.csv
2023-12-11,63.2,31.9,16.1,Partially cloudy,weather_hail_2023.csv
2023-12-12,62.0,40.8,18.3,"Rain, Partially cloudy",weather_hail_2023.csv
2023-12-13,56.8,71.8,23.0,"Rain, Partially cloudy",weather_hail_2023.csv
2023-12-14,54.7,67.8,16.1,Clear,weather_hail_2023.csv
2023-12-15,53.0,59.7,6.9,Clear,weather_hail_2023.csv
2023-12-16,54.9,47.1,6.9,Clear,weather_hail_2023.csv
2023-12-17,55.4,43.2,11.4,Clear,weather_hail_2023.csv
2023-12-18,57.2,41.3,9.2,Partially cloudy,weather_hail_2023.csv
2023-12-19,51.9,50.0,9.2,Clear,weather_hail_2023.csv
2023-12-20,56.4,54.5,13.9,Clear,weather_hail_2023.csv
2023-12-21,60.3,44.3,23.0,Partially cloudy,weather_hail_2023.csv
2023-12-22,62.9,61.8,23.0,"Rain, Partially cloudy",weather_hail_2023.csv
2023-12-23,59.2,52.1,13.9,Partially cloudy,weather_hail_2023.csv
2023-12-24,54.8,53.8,11.4,Clear,weather_hail_2023.csv
2023-12-25,57.7,58.3,11.4,Clear,weather_hail_2023.csv
2023-12-26,58.7,62.3,11.4,"Rain, Partially cloudy",weather_hail_2023.csv
2023-12-27,57.9,84.0,11.4,"Rain, Partially cloudy",weather_hail_2023.csv
2023-12-28,61.2,82.7,20.8,"Rain, Partially cloudy",weather_hail_2023.csv
2023-12-29,53.6,91.5,9.2,"Rain, Partially cloudy",weather_hail_2023.csv
2023-12-30,52.2,99.8,13.9,"Rain, Overcast",weather_hail_2023.csv
2023-12-31,53.4,96.6,9.2,"Rain, Partially cloudy",weather_hail_2023.csv
2024-01-01,54.3,94.3,6.9,Partially cloudy,weather_hail_2024.csv
2024-01-02,53.9,94.3,13.9,Rain,weather_hail_2024.csv
2024-01-03,52.2,86.7,9.2,Partially cloudy,weather_hail_2024.csv
2024-01-04,52.1,80.1,6.9,Clear,weather_hail_2024.csv
2024-01-05,56.7,66.0,11.4,Partially cloudy,weather_hail_2024.csv
2024-01-06,57.3,74.5,9.2,Clear,weather_hail_2024.csv
2024-01-07,57.0,70.1,6.9,Clear,weather_hail_2024.csv
2024-01-08,59.9,63.2,11.4,Clear,weather_hail_2024.csv
2024-01-09,60.2,55.8,13.9,Partially cloudy,weather_hail_2024.csv
2024-01-10,62.9,39.8,16.1,Partially cloudy,weather_hail_2024.csv
2024-01-11,60.4,55.9,18.3,Clear,weather_hail_2024.csv
2024-01-12,55.1,53.3,9.2,Partially cloudy,weather_hail_2024.csv
2024-01-13,55.7,46.1,9.2,Partially cloudy,weather_hail_2024.csv
2024-01-14,56.6,36.9,9.2,Partially cloudy,weather_hail_2024.csv
2024-01-15,55.6,47.8,11.4,Partially cloudy,weather_hail_2024.csv
2024-01-16,54.8,50.6,13.9,Partially cloudy,weather_hail_2024.csv
2024-01-17,54.7,52.6,11.4,Clear,weather_hail_2024.csv
2024-01-18,54.9,51.9,9.2,Rain,weather_hail_2024.csv
2024-01-19,53.2,55.2,9.2,Partially cloudy,weather_hail_2024.csv
2024-01-20,56.9,51.5,11.4,Clear,weather_hail_2024.csv
2024-01-21,59.1,49.9,16.1,Clear,weather_hail_2024.csv
2024-01-22,65.1,47.9,23.0,Partially cloudy,weather_hail_2024.csv
2024-01-23,66.2,53.3,18.3,Partially cloudy,weather_hail_2024.csv
2024-01-24,59.4,53.5,6.9,Partially cloudy,weather_hail_2024.csv
2024-01-25,59.9,51.8,20.8,Partially cloudy,weather_hail_2024.csv
2024-01-26,57.6,52.1,27.7,Partially cloudy,weather_hail_2024.csv
2024-01-27,53.7,50.3,20.8,Clear,weather_hail_2024.csv
2024-01-28,51.6,51.5,13.9,Partially cloudy,weather_hail_2024.csv
2024-01-29,54.7,51.6,6.9,Partially cloudy,weather_hail_2024.csv
2024-01-30,54.2,45.6,11.4,Clear,weather_hail_2024.csv
2024-01-31,55.1,52.0,9.2,Clear,weather_hail_2024.csv
2024-02-01,49.8,47.3,23.0,Partially cloudy,weather_hail_2024.csv
2024-02-02,47.0,47.4,13.9,Clear,weather_hail_2024.csv
2024-02-03,48.1,39.7,9.2,Clear,weather_hail_2024.csv
2024-02-04,51.7,39.5,9.2,Clear,weather_hail_2024.csv
2024-02-05,51.9,41.1,11.4,Clear,weather_hail_2024.csv
2024-02-06,51.4,44.2,6.9,Clear,weather_hail_2024.csv
2024-02-07,52.3,37.5,6.9,Clear,weather_hail_2024.csv
2024-02-08,56.2,37.4,13.9,Clear,weather_hail_2024.csv
2024-02-09,60.3,41.3,18.3,Partially cloudy,weather_hail_2024.csv
2024-02-10,61.8,64.9,18.3,"Rain, Partially cloudy",weather_hail_2024.csv
2024-02-11,54.8,65.5,18.3,Partially cloudy,weather_hail_2024.csv
2024-02-12,51.7,81.1,13.9,Partially cloudy,weather_hail_2024.csv
2024-02-13,58.4,51.6,11.4,Partially cloudy,weather_hail_2024.csv
2024-02-14,66.7,51.9,20.8,Partially cloudy,weather_hail_2024.csv
2024-02-15,61.7,49.3,9.2,"Rain, Partially cloudy",weather_hail_2024.csv
2024-02-16,59.2,40.0,27.7,Clear,weather_hail_2024.csv
2024-02-17,54.4,43.3,11.4,Partially cloudy,weather_hail_2024.csv
2024-02-18,54.6,42.1,9.2,Clear,weather_hail_2024.csv
2024-02-19,57.5,45.5,11.4,Clear,weather_hail_2024.csv
2024-02-20,57.8,44.8,6.9,Clear,weather_hail_2024.csv
2024-02-21,60.4,44.1,13.9,Partially cloudy,weather_hail_2024.csv
2024-02-22,63.8,44.9,11.4,Partially cloudy,weather_hail_2024.csv
2024-02-23,68.9,38.7,9.2,Partially cloudy,weather_hail_2024.csv
2024-02-24,63.0,57.6,11.4,"Rain, Partially cloudy",weather_hail_2024.csv
2024-02-25,54.5,62.1,27.7,Partially cloudy,weather_hail_2024.csv
2024-02-26,54.0,56.4,11.4,Clear,weather_hail_2024.csv
2024-02-27,60.0,37.8,9.2,Clear,weather_hail_2024.csv
2024-02-28,53.6,46.2,16.1,Clear,weather_hail_2024.csv
2024-02-29,50.3,35.1,11.4,Clear,weather_hail_2024.csv
2024-03-01,52.1,26.0,11.4,Clear,weather_hail_2024.csv
2024-03-02,63.2,25.9,16.1,Partially cloudy,weather_hail_2024.csv
2024-03-03,63.6,32.9,23.0,Clear,weather_hail_2024.csv
2024-03-04,60.2,42.6,13.9,Clear,weather_hail_2024.csv
2024-03-05,60.9,35.8,11.4,Clear,weather_hail_2024.csv
2024-03-06,65.4,30.9,18.3,Clear,weather_hail_2024.csv
2024-03-07,62.9,39.2,13.9,Clear,weather_hail_2024.csv
2024-03-08,61.4,37.5,11.4,Partially cloudy,weather_hail_2024.csv
2024-03-09,63.3,27.8,13.9,Clear,weather_hail_2024.csv
2024-03-10,68.9,19.6,23.0,Partially cloudy,weather_hail_2024.csv
2024-03-11,68.0,24.8,18.3,Clear,weather_hail_2024.csv
2024-03-12,61.5,35.0,9.2,Clear,weather_hail_2024.csv
2024-03-13,69.8,28.4,23.0,Clear,weather_hail_2024.csv
2024-03-14,68.8,64.0,23.0,"Rain, Partially cloudy",weather_hail_2024.csv
2024-03-15,70.2,65.2,23.0,Partially cloudy,weather_hail_2024.csv
2024-03-16,66.5,33.8,13.9,Overcast,weather_hail_2024.csv
2024-03-17,69.6,42.2,16.1,Partially cloudy,weather_hail_2024.csv
2024-03-18,71.3,63.8,23.0,"Rain, Partially cloudy",weather_hail_2024.csv
2024-03-19,61.9,69.4,23.0,"Rain, Partially cloudy",weather_hail_2024.csv
2024-03-20,59.2,56.1,9.2,Clear,weather_hail_2024.csv
2024-03-21,63.9,60.9,20.8,Clear,weather_hail_2024.csv
2024-03-22,67.3,46.9,16.1,Clear,weather_hail_2024.csv
2024-03-23,67.7,41.8,18.3,Clear,weather_hail_2024.csv
2024-03-24,68.8,32.6,25.3,Partially cloudy,weather_hail_2024.csv
2024-03-25,59.1,49.4,25.3,Partially cloudy,weather_hail_2024.csv
2024-03-26,61.6,45.3,9.2,Clear,weather_hail_2024.csv
2024-03-27,66.4,36.5,11.4,Partially cloudy,weather_hail_2024.csv
2024-03-28,68.3,39.1,13.9,Partially cloudy,weather_hail_2024.csv
2024-03-29,66.3,47.7,18.3,"Rain, Partially cloudy",weather_hail_2024.csv
2024-03-30,59.4,86.1,116.3,"Rain, Partially cloudy",weather_hail_2024.csv
2024-03-31,64.1,60.1,11.4,Partially cloudy,weather_hail_2024.csv
2024-04-01,67.7,58.3,18.3,Clear,weather_hail_2024.csv
2024-04-02,69.6,41.8,16.1,Partially cloudy,weather_hail_2024.csv
2024-04-03,70.5,41.0,9.2,Partially cloudy,weather_hail_2024.csv
2024-04-04,71.2,33.0,6.9,Clear,weather_hail_2024.csv
2024-04-05,73.0,30.0,11.4,Clear,weather_hail_2024.csv
2024-04-06,75.7,31.4,11.4,"Rain, Partially cloudy",weather_hail_2024.csv
2024-04-07,76.1,31.8,25.3,Partially cloudy,weather_hail_2024.csv
2024-04-08,73.6,31.5,20.8,Clear,weather_hail_2024.csv
2024-04-09,73.0,22.8,18.3,Clear,weather_hail_2024.csv
2024-04-10,71.8,24.7,23.0,Partially cloudy,weather_hail_2024.csv
2024-04-11,69.8,32.1,9.2,Clear,weather_hail_2024.csv
2024-04-12,70.6,36.6,13.9,Partially cloudy,weather_hail_2024.csv
2024-04-13,72.7,34.9,16.1,Partially cloudy,weather_hail_2024.csv
2024-04-14,74.0,28.8,13.9,"Rain, Partially cloudy",weather_hail_2024.csv
2024-04-15,64.4,59.2,23.0,"Rain, Partially cloudy",weather_hail_2024.csv
2024-04-16,65.5,50.1,13.9,Clear,weather_hail_2024.csv
2024-04-17,70.7,49.4,4.7,Clear,weather_hail_2024.csv
2024-04-18,75.6,37.7,16.1,Clear,weather_hail_2024.csv
2024-04-19,78.4,29.3,13.9,Clear,weather_hail_2024.csv
2024-04-20,81.2,28.3,18.3,Clear,weather_hail_2024.csv
2024-04-21,80.4,20.8,27.7,Clear,weather_hail_2024.csv
2024-04-22,75.9,34.7,16.1,Clear,weather_hail_2024.csv
2024-04-23,76.7,25.0,13.9,Partially cloudy,weather_hail_2024.csv
2024-04-24,78.2,21.1,9.2,Clear,weather_hail_2024.csv
2024-04-25,77.8,25.0,9.2,Clear,weather_hail_2024.csv
2024-04-26,80.4,22.8,13.9,Partially cloudy,weather_hail_2024.csv
2024-04-27,81.3,27.7,13.9,"Rain, Partially cloudy",weather_hail_2024.csv
2024-04-28,74.0,47.6,23.0,"Rain, Partially cloudy",weather_hail_2024.csv
2024-04-29,72.6,45.5,32.2,"Rain, Partially cloudy",weather_hail_2024.csv
2024-04-30,69.1,63.0,23.0,"Rain, Partially cloudy",weather_hail_2024.csv
2024-05-01,70.3,58.5,16.1,"Rain, Partially cloudy",weather_hail_2024.csv
2024-05-02,75.0,50.9,16.1,Clear,weather_hail_2024.csv
2024-05-03,76.1,36.7,18.3,Clear,weather_hail_2024.csv
2024-05-04,75.6,28.5,11.4,Clear,weather_hail_2024.csv
2024-05-05,80.4,22.8,20.8,Clear,weather_hail_2024.csv
2024-05-06,78.2,21.3,23.0,Clear,weather_hail_2024.csv
2024-05-07,73.2,28.6,16.1,Clear,weather_hail_2024.csv
2024-05-08,74.4,23.1,11.4,Clear,weather_hail_2024.csv
2024-05-09,78.6,24.0,16.1,Clear,weather_hail_2024.csv
2024-05-10,84.8,21.2,13.9,Partially cloudy,weather_hail_2024.csv
2024-05-11,87.8,31.6,18.3,"Rain, Partially cloudy",weather_hail_2024.csv
2024-05-12,88.4,24.4,13.9,Clear,weather_hail_2024.csv
2024-05-13,83.8,24.6,18.3,Clear,weather_hail_2024.csv
2024-05-14,79.2,23.2,18.3,Clear,weather_hail_2024.csv
2024-05-15,81.3,22.0,20.8,Clear,weather_hail_2024.csv
2024-05-16,83.3,26.2,11.4,Clear,weather_hail_2024.csv
2024-05-17,83.7,20.8,16.1,Clear,weather_hail_2024.csv
2024-05-18,82.5,19.5,9.2,Clear,weather_hail_2024.csv
2024-05-19,84.7,18.2,16.1,Clear,weather_hail_2024.csv
2024-05-20,86.6,19.3,16.1,Clear,weather_hail_2024.csv
2024-05-21,87.3,18.7,23.0,Clear,weather_hail_2024.csv
2024-05-22,87.0,18.1,16.1,Clear,weather_hail_2024.csv
2024-05-23,85.6,18.3,13.9,Clear,weather_hail_2024.csv
2024-05-24,87.6,19.4,20.8,Clear,weather_hail_2024.csv
2024-05-25,84.2,19.9,11.4,Clear,weather_hail_2024.csv
2024-05-26,83.9,17.6,13.9,Clear,weather_hail_2024.csv
2024-05-27,87.4,18.9,18.3,Clear,weather_hail_2024.csv
2024-05-28,91.0,15.6,20.8,Clear,weather_hail_2024.csv
2024-05-29,93.1,14.3,18.3,Clear,weather_hail_2024.csv
2024-05-30,91.3,15.9,11.4,Clear,weather_hail_2024.csv
2024-05-31,91.1,14.9,11.4,Clear,weather_hail_2024.csv
2024-06-01,89.8,18.0,16.1,Clear,weather_hail_2024.csv
2024-06-02,90.3,18.7,11.4,Clear,weather_hail_2024.csv
2024-06-03,94.0,15.1,18.3,Clear,weather_hail_2024.csv
2024-06-04,95.6,15.0,9.2,Clear,weather_hail_2024.csv
2024-06-05,96.5,13.6,9.2,Clear,weather_hail_2024.csv
2024-06-06,98.0,13.5,13.9,Clear,weather_hail_2024.csv
2024-06-07,98.5,11.5,16.1,Clear,weather_hail_2024.csv
2024-06-08,95.3,12.4,51.4,Clear,weather_hail_2024.csv
2024-06-09,97.3,13.5,18.3,Partially cloudy,weather_hail_2024.csv
2024-06-10,94.2,12.7,18.3,Clear,weather_hail_2024.csv
2024-06-11,91.8,15.6,11.4,Clear,weather_hail_2024.csv
2024-06-12,92.3,14.9,13.9,Clear,weather_hail_2024.csv
2024-06-13,94.3,12.6,18.3,Clear,weather_hail_2024.csv
2024-06-14,94.0,13.8,18.3,Clear,weather_hail_2024.csv
2024-06-15,95.5,15.9,16.1,Clear,weather_hail_2024.csv
2024-06-16,93.6,17.2,11.4,Clear,weather_hail_2024.csv
2024-06-17,95.2,14.3,9.2,Clear,weather_hail_2024.csv
2024-06-18,97.0,13.0,11.4,Partially cloudy,weather_hail_2024.csv
2024-06-19,96.2,14.1,9.2,Partially cloudy,weather_hail_2024.csv
2024-06-20,97.1,13.5,6.9,Partially cloudy,weather_hail_2024.csv
2024-06-21,98.9,12.8,16.1,Clear,weather_hail_2024.csv
2024-06-22,98.4,11.9,16.1,Clear,weather_hail_2024.csv
2024-06-23,95.7,14.4,13.9,Clear,weather_hail_2024.csv
2024-06-24,92.8,17.6,11.4,Clear,weather_hail_2024.csv
2024-06-25,92.8,15.9,13.9,Clear,weather_hail_2024.csv
2024-06-26,93.5,16.0,18.3,Clear,weather_hail_2024.csv
2024-06-27,95.1,11.4,11.4,Clear,weather_hail_2024.csv
2024-06-28,93.3,13.4,18.3,Clear,weather_hail_2024.csv
2024-06-29,94.8,13.4,18.3,Clear,weather_hail_2024.csv
2024-06-30,94.6,13.2,13.9,Clear,weather_hail_2024.csv
2024-07-01,93.8,14.1,20.8,Clear,weather_hail_2024.csv
2024-07-02,90.4,19.5,13.9,Clear,weather_hail_2024.csv
2024-07-03,90.2,18.1,16.1,Clear,weather_hail_2024.csv
2024-07-04,91.1,17.5,18.3,Clear,weather_hail_2024.csv
2024-07-05,92.7,13.6,18.3,Clear,weather_hail_2024.csv
2024-07-06,93.4,13.2,18.3,Partially cloudy,weather_hail_2024.csv
2024-07-07,94.6,15.2,16.1,Clear,weather_hail_2024.csv
2024-07-08,93.7,16.0,13.9,Clear,weather_hail_2024.csv
2024-07-09,95.7,15.6,13.9,Clear,weather_hail_2024.csv
2024-07-10,97.7,14.0,18.3,Clear,weather_hail_2024.csv
2024-07-11,97.8,14.3,13.9,Partially cloudy,weather_hail_2024.csv
2024-07-12,98.1,15.0,18.3,Partially cloudy,weather_hail_2024.csv
2024-07-13,95.9,16.1,16.1,Clear,weather_hail_2024.csv
2024-07-14,92.6,20.3,13.9,Clear,weather_hail_2024.csv
2024-07-15,90.3,24.3,9.2,Clear,weather_hail_2024.csv
2024-07-16,92.8,22.4,9.2,Clear,weather_hail_2024.csv
2024-07-17,94.7,17.7,11.4,Clear,weather_hail_2024.csv
2024-07-18,96.8,15.9,13.9,Clear,weather_hail_2024.csv
2024-07-19,97.2,18.3,18.3,Clear,weather_hail_2024.csv
2024-07-20,97.7,15.4,13.9,Clear,weather_hail_2024.csv
2024-07-21,95.2,17.9,13.9,Clear,weather_hail_2024.csv
2024-07-22,95.2,19.1,13.9,Clear,weather_hail_2024.csv
2024-07-23,93.1,18.6,18.3,Clear,weather_hail_2024.csv
2024-07-24,92.6,18.9,18.3,Clear,weather_hail_2024.csv
2024-07-25,89.4,23.6,18.3,Clear,weather_hail_2024.csv
2024-07-26,91.0,19.6,18.3,Clear,weather_hail_2024.csv
2024-07-27,91.8,16.8,16.1,Clear,weather_hail_2024.csv
2024-07-28,93.7,22.8,20.8,Clear,weather_hail_2024.csv
2024-07-29,93.2,20.3,20.8,Clear,weather_hail_2024.csv
2024-07-30,91.4,19.1,16.1,Clear,weather_hail_2024.csv
2024-07-31,93.7,20.0,13.9,Partially cloudy,weather_hail_2024.csv
2024-08-01,94.8,19.5,16.1,Clear,weather_hail_2024.csv
2024-08-02,94.4,20.6,16.1,Clear,weather_hail_2024.csv
2024-08-03,91.7,22.3,16.1,Clear,weather_hail_2024.csv
2024-08-04,89.9,20.2,18.3,Clear,weather_hail_2024.csv
2024-08-05,90.0,22.2,18.3,Clear,weather_hail_2024.csv
2024-08-06,91.7,24.2,20.8,Clear,weather_hail_2024.csv
2024-08-07,91.7,13.6,11.4,Clear,weather_hail_2024.csv
2024-08-08,92.5,14.4,13.9,Clear,weather_hail_2024.csv
2024-08-09,93.2,17.5,16.1,Clear,weather_hail_2024.csv
2024-08-10,94.8,17.0,13.9,Clear,weather_hail_2024.csv
2024-08-11,95.3,17.7,16.1,Partially cloudy,weather_hail_2024.csv
2024-08-12,94.7,22.2,9.2,Clear,weather_hail_2024.csv
2024-08-13,95.7,21.2,11.4,Clear,weather_hail_2024.csv
2024-08-14,97.8,17.3,11.4,Clear,weather_hail_2024.csv
2024-08-15,99.2,16.2,13.9,Partially cloudy,weather_hail_2024.csv
2024-08-16,99.6,16.2,20.8,Partially cloudy,weather_hail_2024.csv
2024-08-17,99.0,16.4,11.4,Clear,weather_hail_2024.csv
2024-08-18,98.4,18.5,23.0,Clear,weather_hail_2024.csv
2024-08-19,99.3,16.0,11.4,Clear,weather_hail_2024.csv
2024-08-20,97.9,14.8,18.3,Clear,weather_hail_2024.csv
2024-08-21,97.3,14.6,11.4,Clear,weather_hail_2024.csv
2024-08-22,96.6,18.7,20.8,"Rain, Partially cloudy",weather_hail_2024.csv
2024-08-23,98.5,21.8,11.4,Partially cloudy,weather_hail_2024.csv
2024-08-24,99.1,16.6,11.4,Clear,weather_hail_2024.csv
2024-08-25,97.1,18.6,23.0,Clear,weather_hail_2024.csv
2024-08-26,97.9,16.6,11.4,Partially cloudy,weather_hail_2024.csv
2024-08-27,97.9,19.1,18.3,Partially cloudy,weather_hail_2024.csv
2024-08-28,97.5,20.7,16.1,Clear,weather_hail_2024.csv
2024-08-29,95.1,18.5,18.3,Clear,weather_hail_2024.csv
2024-08-30,92.3,21.8,16.1,Clear,weather_hail_2024.csv
2024-08-31,89.4,25.5,11.4,Clear,weather_hail_2024.csv
2024-09-01,89.0,25.7,13.9,Clear,weather_hail_2024.csv
2024-09-02,88.9,22.1,16.1,Clear,weather_hail_2024.csv
2024-09-03,90.2,24.9,11.4,Clear,weather_hail_2024.csv
2024-09-04,89.9,24.6,11.4,Clear,weather_hail_2024.csv
2024-09-05,91.6,22.9,13.9,Partially cloudy,weather_hail_2024.csv
2024-09-06,95.6,20.8,13.9,Partially cloudy,weather_hail_2024.csv
2024-09-07,93.9,19.7,11.4,Clear,weather_hail_2024.csv
2024-09-08,95.3,17.6,13.9,Clear,weather_hail_2024.csv
2024-09-09,93.9,18.4,13.9,Partially cloudy,weather_hail_2024.csv
2024-09-10,95.2,17.9,9.2,Partially cloudy,weather_hail_2024.csv
2024-09-11,93.2,17.9,11.4,Clear,weather_hail_2024.csv
2024-09-12,96.1,17.5,9.2,Partially cloudy,weather_hail_2024.csv
2024-09-13,95.3,18.6,16.1,Partially cloudy,weather_hail_2024.csv
2024-09-14,90.8,22.4,13.9,Clear,weather_hail_2024.csv
2024-09-15,89.5,23.1,16.1,Clear,weather_hail_2024.csv
2024-09-16,87.0,30.4,9.2,Clear,weather_hail_2024.csv
2024-09-17,85.8,32.3,11.4,Clear,weather_hail_2024.csv
2024-09-18,86.2,29.2,11.4,Clear,weather_hail_2024.csv
2024-09-19,87.1,22.9,13.9,Clear,weather_hail_2024.csv
2024-09-20,86.5,25.8,11.4,Clear,weather_hail_2024.csv
2024-09-21,85.3,28.4,11.4,Clear,weather_hail_2024.csv
2024-09-22,86.7,25.8,13.9,Clear,weather_hail_2024.csv
2024-09-23,88.1,26.9,13.9,Clear,weather_hail_2024.csv
2024-09-24,89.8,18.2,13.9,Clear,weather_hail_2024.csv
2024-09-25,88.9,19.0,13.9,Clear,weather_hail_2024.csv
2024-09-26,89.0,21.5,13.9,Clear,weather_hail_2024.csv
2024-09-27,90.0,20.4,13.9,Clear,weather_hail_2024.csv
2024-09-28,89.6,20.2,13.9,Clear,weather_hail_2024.csv
2024-09-29,86.4,19.5,11.4,Clear,weather_hail_2024.csv
2024-09-30,87.4,17.7,18.3,Clear,weather_hail_2024.csv
2024-10-01,83.3,21.1,13.9,Clear,weather_hail_2024.csv
2024-10-02,81.7,22.6,11.4,Clear,weather_hail_2024.csv
2024-10-03,83.5,25.5,16.1,Clear,weather_hail_2024.csv
2024-10-04,84.5,26.1,11.4,Clear,weather_hail_2024.csv
2024-10-05,84.2,24.5,11.4,Clear,weather_hail_2024.csv
2024-10-06,84.0,23.8,16.1,Clear,weather_hail_2024.csv
2024-10-07,84.8,22.6,18.3,Clear,weather_hail_2024.csv
2024-10-08,85.6,19.5,16.1,Clear,weather_hail_2024.csv
2024-10-09,84.3,19.5,11.4,Clear,weather_hail_2024.csv
2024-10-10,84.2,18.1,16.1,Clear,weather_hail_2024.csv
2024-10-11,82.2,19.7,20.8,Clear,weather_hail_2024.csv
2024-10-12,80.9,18.2,11.4,Clear,weather_hail_2024.csv
2024-10-13,79.5,19.2,6.9,Clear,weather_hail_2024.csv
2024-10-14,79.6,19.1,6.9,Clear,weather_hail_2024.csv
2024-10-15,80.5,20.0,13.9,Clear,weather_hail_2024.csv
2024-10-16,82.9,18.3,13.9,Clear,weather_hail_2024.csv
2024-10-17,79.1,18.8,16.1,Clear,weather_hail_2024.csv
2024-10-18,77.1,23.7,18.3,Clear,weather_hail_2024.csv
2024-10-19,80.5,23.7,20.8,Partially cloudy,weather_hail_2024.csv
2024-10-20,76.6,32.1,11.4,Clear,weather_hail_2024.csv
2024-10-21,72.6,28.9,16.1,Clear,weather_hail_2024.csv
2024-10-22,70.2,23.3,47.2,Clear,weather_hail_2024.csv
2024-10-23,65.1,24.6,16.1,Clear,weather_hail_2024.csv
2024-10-24,62.9,26.5,16.1,Clear,weather_hail_2024.csv
2024-10-25,62.5,29.2,18.3,"Rain, Partially cloudy",weather_hail_2024.csv
2024-10-26,57.1,88.7,11.4,"Rain, Partially cloudy",weather_hail_2024.csv
2024-10-27,65.2,87.9,13.9,"Rain, Partially cloudy",weather_hail_2024.csv
2024-10-28,66.8,89.6,11.4,"Rain, Partially cloudy",weather_hail_2024.csv
2024-10-29,67.1,76.2,13.9,Partially cloudy,weather_hail_2024.csv
2024-10-30,71.5,60.4,18.3,"Rain, Partially cloudy",weather_hail_2024.csv
2024-10-31,69.9,70.8,34.4,"Rain, Partially cloudy",weather_hail_2024.csv
2024-11-01,65.5,81.3,16.1,"Rain, Partially cloudy",weather_hail_2024.csv
2024-11-02,69.9,78.4,18.3,Partially cloudy,weather_hail_2024.csv
2024-11-03,70.8,81.0,16.1,"Rain, Partially cloudy",weather_hail_2024.csv
2024-11-04,70.2,81.7,16.1,"Rain, Partially cloudy",weather_hail_2024.csv
2024-11-05,65.2,90.4,18.3,"Rain, Partially cloudy",weather_hail_2024.csv
2024-11-06,66.3,72.2,13.9,Partially cloudy,weather_hail_2024.csv
2024-11-07,67.0,63.1,16.1,"Rain, Partially cloudy",weather_hail_2024.csv
2024-11-08,69.0,63.3,13.9,Partially cloudy,weather_hail_2024.csv
2024-11-09,73.9,50.6,18.3,Partially cloudy,weather_hail_2024.csv
2024-11-10,74.6,37.3,23.0,Partially cloudy,weather_hail_2024.csv
2024-11-11,74.4,39.4,16.1,Clear,weather_hail_2024.csv
2024-11-12,71.2,54.8,13.9,Clear,weather_hail_2024.csv
2024-11-13,66.1,58.8,11.4,Clear,weather_hail_2024.csv
2024-11-14,65.9,54.8,11.4,Partially cloudy,weather_hail_2024.csv
2024-11-15,67.4,48.2,16.1,Clear,weather_hail_2024.csv
2024-11-16,69.8,37.4,13.9,Clear,weather_hail_2024.csv
2024-11-17,70.3,44.2,11.4,Partially cloudy,weather_hail_2024.csv
2024-11-18,69.6,44.9,18.3,Clear,weather_hail_2024.csv
2024-11-19,65.9,39.1,9.2,Clear,weather_hail_2024.csv
2024-11-20,65.3,49.9,11.4,Clear,weather_hail_2024.csv
2024-11-21,64.9,57.6,9.2,Partially cloudy,weather_hail_2024.csv
2024-11-22,63.9,53.3,13.9,"Rain, Partially cloudy",weather_hail_2024.csv
2024-11-23,64.4,51.3,16.1,"Rain, Partially cloudy",weather_hail_2024.csv
2024-11-24,67.4,56.0,20.8,Partially cloudy,weather_hail_2024.csv
2024-11-25,60.1,69.4,9.2,Clear,weather_hail_2024.csv
2024-11-26,61.9,61.7,16.1,Clear,weather_hail_2024.csv
2024-11-27,53.8,57.3,13.9,Clear,weather_hail_2024.csv
2024-11-28,51.4,61.2,9.2,Clear,weather_hail_2024.csv
2024-11-29,54.3,51.9,9.2,Partially cloudy,weather_hail_2024.csv
2024-11-30,58.0,49.4,11.4,Clear,weather_hail_2024.csv
2024-12-01,56.1,53.4,13.9,Clear,weather_hail_2024.csv
2024-12-02,56.8,52.7,9.2,Clear,weather_hail_2024.csv
2024-12-03,60.0,50.9,13.9,Clear,weather_hail_2024.csv
2024-12-04,61.5,46.6,13.9,Partially cloudy,weather_hail_2024.csv
2024-12-05,58.7,55.0,13.9,Clear,weather_hail_2024.csv
2024-12-06,58.1,62.1,11.4,Partially cloudy,weather_hail_2024.csv
2024-12-07,63.0,62.5,13.9,Clear,weather_hail_2024.csv
2024-12-08,67.3,43.0,18.3,Partially cloudy,weather_hail_2024.csv
2024-12-09,61.5,42.4,11.4,Clear,weather_hail_2024.csv
2024-12-10,54.6,53.5,6.9,Clear,weather_hail_2024.csv
2024-12-11,54.4,48.3,6.9,Partially cloudy,weather_hail_2024.csv
2024-12-12,57.6,38.6,11.4,Partially cloudy,weather_hail_2024.csv
2024-12-13,59.1,37.3,13.9,Partially cloudy,weather_hail_2024.csv
2024-12-14,54.4,58.0,13.9,Clear,weather_hail_2024.csv
2024-12-15,45.1,42.4,9.2,Clear,weather_hail_2024.csv
2024-12-16,47.4,32.3,16.1,Clear,weather_hail_2024.csv
2024-12-17,53.0,27.6,16.1,Partially cloudy,weather_hail_2024.csv
2024-12-18,49.5,27.2,9.2,Overcast,weather_hail_2024.csv
2024-12-19,54.2,26.9,16.1,Partially cloudy,weather_hail_2024.csv
2024-12-20,57.4,44.8,23.0,"Rain, Partially cloudy",weather_hail_2024.csv
2024-12-21,51.9,65.2,11.4,Clear,weather_hail_2024.csv
2024-12-22,48.8,61.6,6.9,Clear,weather_hail_2024.csv
2024-12-23,51.3,50.5,11.4,Partially cloudy,weather_hail_2024.csv
2024-12-24,57.1,48.7,11.4,Clear,weather_hail_2024.csv
2024-12-25,54.7,52.4,13.9,Clear,weather_hail_2024.csv
2024-12-26,57.7,61.8,20.8,Clear,weather_hail_2024.csv
2024-12-27,62.4,47.1,25.3,Partially cloudy,weather_hail_2024.csv
2024-12-28,55.8,40.0,13.9,Partially cloudy,weather_hail_2024.csv
2024-12-29,54.0,42.6,6.9,Partially cloudy,weather_hail_2024.csv
2024-12-30,53.6,38.4,11.4,Partially cloudy,weather_hail_2024.csv
2024-12-31,48.3,40.5,13.9,Clear,weather_hail_2024.csv
