name,datetime,tempmax,tempmin,temp,feelslikemax,feelslikemin,feelslike,dew,humidity,precip,precipprob,precipcover,preciptype,snow,snowdepth,windgust,windspeed,winddir,sealevelpressure,cloudcover,visibility,solarradiation,solarenergy,uvindex,severerisk,sunrise,sunset,moonphase,conditions,description,icon,stations
"Hail, Saudi Arabia",2024-01-01,60.8,51.6,54.3,60.8,51.6,54.3,52.6,94.3,0,0,0,,0,0,12.3,6.9,150,1022.8,52.3,4.9,153.6,13.1,6,10,2024-01-01T07:03:34,2024-01-01T17:29:13,0.67,Partially cloudy,Partly cloudy throughout the day.,partly-cloudy-day,"40394099999,OEHL"
"Hail, Saudi Arabia",2024-01-02,62.6,46.4,53.9,62.6,46.1,53.7,52.2,94.3,0.004,100,4.17,rain,0,0,23.5,13.9,212.7,1020.5,8.8,3.4,155,13.4,6,10,2024-01-02T07:03:50,2024-01-02T17:29:54,0.71,Rain,Clear conditions throughout the day with afternoon rain.,rain,"40394099999,OEHL"
"Hail, Saudi Arabia",2024-01-03,59.3,42.8,52.2,59.3,40,52,48,86.7,0,0,0,,0,0,16.6,9.2,49.2,1021.3,35.1,4.2,126.6,11,5,10,2024-01-03T07:04:04,2024-01-03T17:30:36,0.74,Partially cloudy,Partly cloudy throughout the day.,partly-cloudy-day,"40394099999,OEHL"
"Hail, Saudi Arabia",2024-01-04,64.4,41,52.1,64.4,41,52,45.4,80.1,0,0,0,,0,0,13.9,6.9,167.5,1022.1,1.9,5.1,178.6,15.4,7,10,2024-01-04T07:04:17,2024-01-04T17:31:19,0.75,Clear,Clear conditions throughout the day.,clear-day,"40394099999,OEHL"
"Hail, Saudi Arabia",2024-01-05,69.8,46.4,56.7,69.8,42.9,56.1,44.7,66,0,0,0,,0,0,19.2,11.4,229.3,1021.2,27,6.2,155.4,13.4,6,10,2024-01-05T07:04:29,2024-01-05T17:32:02,0.8,Partially cloudy,Partly cloudy throughout the day.,partly-cloudy-day,"40394099999,OEHL"
"Hail, Saudi Arabia",2024-01-06,64.7,49.8,57.3,64.7,49.8,57.3,48.8,74.5,0,0,0,,0,0,15.2,9.2,54.2,1024,13.1,6.1,153.6,13,6,10,2024-01-06T07:04:39,2024-01-06T17:32:46,0.83,Clear,Clear conditions throughout the day.,clear-day,"40394099999,OEHL"
"Hail, Saudi Arabia",2024-01-07,68,46.4,57,68,46.4,57,46.9,70.1,0,0,0,,0,0,16.6,6.9,146.9,1024.6,9.1,6.2,173.2,15.1,7,10,2024-01-07T07:04:47,2024-01-07T17:33:30,0.87,Clear,Clear conditions throughout the day.,clear-day,"40394099999,OEHL"
"Hail, Saudi Arabia",2024-01-08,73.4,48.2,59.9,73.4,44.1,59.6,46.1,63.2,0,0,0,,0,0,19.9,11.4,227.5,1024,0,6.2,179,15.6,7,10,2024-01-08T07:04:54,2024-01-08T17:34:15,0.9,Clear,Clear conditions throughout the day.,clear-day,"40394099999,OEHL"
"Hail, Saudi Arabia",2024-01-09,71.6,48.2,60.2,71.6,45.1,59.8,42.6,55.8,0,0,0,,0,0,23.3,13.9,198.7,1021.3,51.7,6.2,169.4,14.6,7,10,2024-01-09T07:05:00,2024-01-09T17:35:01,0.93,Partially cloudy,Partly cloudy throughout the day.,partly-cloudy-day,"40394099999,OEHL"
"Hail, Saudi Arabia",2024-01-10,75.2,51.8,62.9,75.2,51.8,62.9,37.1,39.8,0,0,0,,0,0,20.1,16.1,242.7,1018.2,35.9,6.2,179.7,15.6,7,10,2024-01-10T07:05:04,2024-01-10T17:35:47,0.96,Partially cloudy,Partly cloudy throughout the day.,partly-cloudy-day,"40394099999,OEHL"
"Hail, Saudi Arabia",2024-01-11,69.8,51.8,60.4,69.8,51.8,60.4,43.9,55.9,0,0,0,,0,0,22.4,18.3,262.1,1016.4,7.2,6.2,183.1,15.8,7,10,2024-01-11T07:05:06,2024-01-11T17:36:33,0,Clear,Clear conditions throughout the day.,clear-day,"40394099999,OEHL"
"Hail, Saudi Arabia",2024-01-12,66.2,42.8,55.1,66.2,42.8,55.1,36.9,53.3,0,0,0,,0,0,10.3,9.2,132.9,1017,20.7,6.2,187.6,16.4,7,10,2024-01-12T07:05:07,2024-01-12T17:37:20,0.03,Partially cloudy,Partly cloudy throughout the day.,partly-cloudy-day,"40394099999,OEHL"
"Hail, Saudi Arabia",2024-01-13,71.6,44.6,55.7,71.6,40.7,55,32.9,46.1,0,0,0,,0,0,18.3,9.2,215.5,1015.8,82.1,6.2,182.6,15.7,7,10,2024-01-13T07:05:06,2024-01-13T17:38:08,0.07,Partially cloudy,Partly cloudy throughout the day.,partly-cloudy-day,"40394099999,OEHL"
"Hail, Saudi Arabia",2024-01-14,68,46.4,56.6,68,41.9,55.7,29.7,36.9,0,0,0,,0,0,16.6,9.2,172.5,1016.8,88.7,6.2,180.4,15.8,7,10,2024-01-14T07:05:04,2024-01-14T17:38:55,0.1,Partially cloudy,Partly cloudy throughout the day.,partly-cloudy-day,"40394099999,OEHL"
"Hail, Saudi Arabia",2024-01-15,66.2,46.4,55.6,66.2,46.4,55.6,35.4,47.8,0,0,0,,0,0,19.5,11.4,73.4,1021.3,65.5,6.2,176.9,15.2,7,10,2024-01-15T07:05:00,2024-01-15T17:39:43,0.14,Partially cloudy,Partly cloudy throughout the day.,partly-cloudy-day,"40394099999,OEHL"
"Hail, Saudi Arabia",2024-01-16,64.4,46.4,54.8,64.4,44.2,54.7,36,50.6,0,0,0,,0,0,23.9,13.9,88.5,1023.6,53,6.2,186.8,16.1,7,10,2024-01-16T07:04:55,2024-01-16T17:40:31,0.17,Partially cloudy,Partly cloudy throughout the day.,partly-cloudy-day,"40394099999,OEHL"
"Hail, Saudi Arabia",2024-01-17,66.2,41,54.7,66.2,41,54.7,36.7,52.6,0,0,0,,0,0,22.4,11.4,137.5,1021.1,7.2,6.2,181.7,15.7,7,10,2024-01-17T07:04:48,2024-01-17T17:41:20,0.21,Clear,Clear conditions throughout the day.,clear-day,"40394099999,OEHL"
"Hail, Saudi Arabia",2024-01-18,62.6,48.2,54.9,62.6,46.3,54.7,37.3,51.9,0.056,100,25,rain,0,0,18.3,9.2,82.9,1022,19.5,6.2,169.7,14.8,6,10,2024-01-18T07:04:39,2024-01-18T17:42:08,0.25,Rain,Clear conditions throughout the day with rain clearing later.,rain,"40394099999,OEHL"
"Hail, Saudi Arabia",2024-01-19,64.4,39.2,53.2,64.4,39.2,53.2,36.5,55.2,0,0,0,,0,0,16.8,9.2,142.6,1023.6,31.4,6.2,189,16.6,7,10,2024-01-19T07:04:29,2024-01-19T17:42:57,0.28,Partially cloudy,Partly cloudy throughout the day.,partly-cloudy-day,"40394099999,OEHL"
"Hail, Saudi Arabia",2024-01-20,69.8,44.6,56.9,69.8,40.7,56.3,38.3,51.5,0,0,0,,0,0,17.9,11.4,168.7,1023.7,15.5,6.2,176.7,15.3,7,10,2024-01-20T07:04:17,2024-01-20T17:43:46,0.31,Clear,Clear conditions throughout the day.,clear-day,"40394099999,OEHL"
"Hail, Saudi Arabia",2024-01-21,75,42.8,59.1,75,42.8,59.1,39.1,49.9,0,0,0,,0,0,24.4,16.1,200.3,1022.8,7.1,6.2,190,16.5,7,10,2024-01-21T07:04:04,2024-01-21T17:44:35,0.35,Clear,Clear conditions throughout the day.,clear-day,"40394099999,OEHL"
"Hail, Saudi Arabia",2024-01-22,78.8,51.8,65.1,78.8,51.8,65.1,44.4,47.9,0,0,0,,0,0,31.1,23,213.5,1019.3,21.2,6.2,187.3,16.3,7,10,2024-01-22T07:03:49,2024-01-22T17:45:24,0.38,Partially cloudy,Partly cloudy throughout the day.,partly-cloudy-day,"40394099999,OEHL"
"Hail, Saudi Arabia",2024-01-23,77.1,55.5,66.2,77.1,55.5,66.2,47.2,53.3,0,0,0,,0,0,27.1,18.3,255.4,1018.7,61.4,6.2,189.2,16.4,7,10,2024-01-23T07:03:33,2024-01-23T17:46:13,0.42,Partially cloudy,Partly cloudy throughout the day.,partly-cloudy-day,"40394099999,OEHL"
"Hail, Saudi Arabia",2024-01-24,71.6,49.8,59.4,71.6,49.8,59.4,42.1,53.5,0,0,0,,0,0,13.6,6.9,68.6,1019.2,35.2,6.2,196.3,17,7,10,2024-01-24T07:03:15,2024-01-24T17:47:02,0.45,Partially cloudy,Partly cloudy throughout the day.,partly-cloudy-day,"40394099999,OEHL"
"Hail, Saudi Arabia",2024-01-25,73.4,46.4,59.9,73.4,46.4,59.8,41.1,51.8,0,0,0,,0,0,19,20.8,132.9,1017.4,46.4,6.2,193.6,16.8,7,10,2024-01-25T07:02:55,2024-01-25T17:47:50,0.5,Partially cloudy,Partly cloudy throughout the day.,partly-cloudy-day,"40394099999,OEHL"
"Hail, Saudi Arabia",2024-01-26,64.4,51.8,57.6,64.4,51.8,57.6,39.6,52.1,0,0,0,,0,0,37.8,27.7,279.7,1014.3,33,6.2,199.5,17.2,7,10,2024-01-26T07:02:34,2024-01-26T17:48:39,0.52,Partially cloudy,Partly cloudy throughout the day.,partly-cloudy-day,"40394099999,OEHL"
"Hail, Saudi Arabia",2024-01-27,62.9,42.6,53.7,62.9,37.5,52.7,34.5,50.3,0,0,0,,0,0,25.1,20.8,252.6,1018.1,4.3,6.2,200.8,17.2,7,10,2024-01-27T07:02:12,2024-01-27T17:49:28,0.55,Clear,Clear conditions throughout the day.,clear-day,"40394099999,OEHL"
"Hail, Saudi Arabia",2024-01-28,59,44.6,51.6,59,42.1,50.8,34,51.5,0,0,0,,0,0,13.2,13.9,67.3,1021.4,35.4,6.2,202,17.3,8,10,2024-01-28T07:01:48,2024-01-28T17:50:16,0.59,Partially cloudy,Partly cloudy throughout the day.,partly-cloudy-day,"40394099999,OEHL"
"Hail, Saudi Arabia",2024-01-29,66.2,44.6,54.7,66.2,42.1,54.2,36.2,51.6,0,0,0,,0,0,19,6.9,74.9,1018.4,35,6.2,200.8,17.2,8,10,2024-01-29T07:01:23,2024-01-29T17:51:05,0.62,Partially cloudy,Partly cloudy throughout the day.,partly-cloudy-day,"40394099999,OEHL"
"Hail, Saudi Arabia",2024-01-30,66.3,39.2,54.2,66.3,37.7,53.7,31.9,45.6,0,0,0,,0,0,15.7,11.4,309.6,1018.7,0.9,6.2,208.7,18,8,10,2024-01-30T07:00:56,2024-01-30T17:51:53,0.65,Clear,Clear conditions throughout the day.,clear-day,"40394099999,OEHL"
"Hail, Saudi Arabia",2024-01-31,68,42.8,55.1,68,42.8,55.1,36.7,52,0,0,0,,0,0,20.8,9.2,138.9,1019.4,3.6,6.2,201.3,17.3,8,10,2024-01-31T07:00:28,2024-01-31T17:52:41,0.69,Clear,Clear conditions throughout the day.,clear-day,"40394099999,OEHL"
"Hail, Saudi Arabia",2024-02-01,57.2,42.9,49.8,57.2,38.7,48.3,30.3,47.3,0,0,0,,0,0,36.9,23,280.3,1016.9,28.2,6.2,202,17.5,8,10,2024-02-01T06:59:58,2024-02-01T17:53:28,0.72,Partially cloudy,Becoming cloudy in the afternoon.,partly-cloudy-day,"40394099999,OEHL"
"Hail, Saudi Arabia",2024-02-02,55.7,33.8,47,55.7,28.6,44.6,26.4,47.4,0,0,0,,0,0,18.8,13.9,260.3,1020.3,1.9,6.2,214.1,18.5,8,10,2024-02-02T06:59:27,2024-02-02T17:54:16,0.75,Clear,Clear conditions throughout the day.,clear-day,"40394099999,OEHL"
"Hail, Saudi Arabia",2024-02-03,60.8,35.6,48.1,60.8,29.9,46.7,23.9,39.7,0,0,0,,0,0,13.2,9.2,152,1022.6,0.5,6.2,214.3,18.5,8,10,2024-02-03T06:58:55,2024-02-03T17:55:03,0.75,Clear,Clear conditions throughout the day.,clear-day,"40394099999,OEHL"
"Hail, Saudi Arabia",2024-02-04,62.6,41,51.7,62.6,37.9,51,27,39.5,0,0,0,,0,0,21.9,9.2,54.4,1022.4,0,6.2,213.9,18.5,8,10,2024-02-04T06:58:21,2024-02-04T17:55:50,0.82,Clear,Clear conditions throughout the day.,clear-day,"40394099999,OEHL"
"Hail, Saudi Arabia",2024-02-05,60.8,42.8,51.9,60.8,40,51,28.7,41.1,0,0,0,,0,0,20.1,11.4,48.1,1022.5,1.1,6.2,216.5,18.7,8,10,2024-02-05T06:57:46,2024-02-05T17:56:36,0.85,Clear,Clear conditions throughout the day.,clear-day,"40394099999,OEHL"
"Hail, Saudi Arabia",2024-02-06,64.4,37.4,51.4,64.4,35.8,51.3,28,44.2,0,0,0,,0,0,12.1,6.9,93.9,1025.4,0,6.2,220.5,19,8,10,2024-02-06T06:57:10,2024-02-06T17:57:22,0.88,Clear,Clear conditions throughout the day.,clear-day,"40394099999,OEHL"
"Hail, Saudi Arabia",2024-02-07,64.4,37.4,52.3,64.4,33.7,52,25.8,37.5,0,0,0,,0,0,14.8,6.9,83.1,1026.3,0,6.2,219.7,19,8,10,2024-02-07T06:56:32,2024-02-07T17:58:08,0.92,Clear,Clear conditions throughout the day.,clear-day,"40394099999,OEHL"
"Hail, Saudi Arabia",2024-02-08,69.8,39.2,56.2,69.8,35.8,55.6,29.7,37.4,0,0,0,,0,0,22.8,13.9,152.2,1024.6,0,6.2,219.4,18.9,8,10,2024-02-08T06:55:53,2024-02-08T17:58:54,0.95,Clear,Clear conditions throughout the day.,clear-day,"40394099999,OEHL"
"Hail, Saudi Arabia",2024-02-09,71.6,46.4,60.3,71.6,44.2,60.1,36.4,41.3,0,0,0,,0,0,29.8,18.3,207.7,1020.4,41.9,6.2,199.7,17.3,8,10,2024-02-09T06:55:13,2024-02-09T17:59:39,0.98,Partially cloudy,Partly cloudy throughout the day.,partly-cloudy-day,"40394099999,OEHL"
"Hail, Saudi Arabia",2024-02-10,73.4,51.8,61.8,73.4,51.8,61.8,49.3,64.9,0.028,100,20.83,rain,0,0,28.9,18.3,37.7,1016,47.1,6.1,182.8,15.8,7,10,2024-02-10T06:54:31,2024-02-10T18:00:24,0,"Rain, Partially cloudy",Partly cloudy throughout the day with rain.,rain,"40394099999,OEHL"
"Hail, Saudi Arabia",2024-02-11,60.9,48.2,54.8,60.9,44.1,54.5,42.9,65.5,0,0,0,,0,0,29.8,18.3,1.2,1020.5,24.1,6.2,199.1,17.4,8,10,2024-02-11T06:53:49,2024-02-11T18:01:08,0.05,Partially cloudy,Partly cloudy throughout the day.,partly-cloudy-day,"40394099999,OEHL"
"Hail, Saudi Arabia",2024-02-12,59,46.4,51.7,59,42.6,50.4,45.9,81.1,0,0,0,,0,0,15.7,13.9,73.8,1023,67.4,5.7,135.4,11.8,5,10,2024-02-12T06:53:05,2024-02-12T18:01:52,0.08,Partially cloudy,Partly cloudy throughout the day.,partly-cloudy-day,"40394099999,OEHL"
"Hail, Saudi Arabia",2024-02-13,73,42.8,58.4,73,38.6,57,39.3,51.6,0,0,0,,0,0,27.5,11.4,194,1018.2,36.9,6.2,223.1,19.3,8,10,2024-02-13T06:52:20,2024-02-13T18:02:35,0.12,Partially cloudy,Partly cloudy throughout the day.,partly-cloudy-day,"40394099999,OEHL"
"Hail, Saudi Arabia",2024-02-14,78.8,57.2,66.7,78.8,57.2,66.7,44.8,51.9,0,0,0,,0,0,32.2,20.8,223.8,1012.6,42.7,6.2,214.6,18.7,8,10,2024-02-14T06:51:34,2024-02-14T18:03:19,0.15,Partially cloudy,Partly cloudy throughout the day.,partly-cloudy-day,"40394099999,OEHL"
"Hail, Saudi Arabia",2024-02-15,71.7,48.2,61.7,71.7,46.3,61.6,41,49.3,0.004,100,4.17,rain,0,0,20.1,9.2,112,1014,30,6.2,225.9,19.4,8,10,2024-02-15T06:50:47,2024-02-15T18:04:01,0.19,"Rain, Partially cloudy",Partly cloudy throughout the day with late afternoon rain.,rain,"40394099999,OEHL"
"Hail, Saudi Arabia",2024-02-16,69.9,47.8,59.2,69.9,44.1,58.7,33.6,40,0,0,0,,0,0,35.6,27.7,256.4,1015.9,10.2,6.2,218.7,18.9,8,10,2024-02-16T06:49:59,2024-02-16T18:04:44,0.25,Clear,Clear conditions throughout the day.,clear-day,"40394099999,OEHL"
"Hail, Saudi Arabia",2024-02-17,64.4,41,54.4,64.4,41,54.3,31,43.3,0,0,0,,0,0,13.6,11.4,193.6,1021.2,31.7,6.2,217.3,18.6,8,10,2024-02-17T06:49:10,2024-02-17T18:05:26,0.25,Partially cloudy,Partly cloudy throughout the day.,partly-cloudy-day,"40394099999,OEHL"
"Hail, Saudi Arabia",2024-02-18,66.2,39.2,54.6,66.2,35.8,54.2,31.2,42.1,0,0,0,,0,0,12.8,9.2,66.7,1022,0,6.2,237.2,20.4,8,10,2024-02-18T06:48:19,2024-02-18T18:06:07,0.29,Clear,Clear conditions throughout the day.,clear-day,"40394099999,OEHL"
"Hail, Saudi Arabia",2024-02-19,71.6,41,57.5,71.6,41,57.5,35.2,45.5,0,0,0,,0,0,19.5,11.4,337.4,1017.9,0,6.2,234.4,20.3,8,10,2024-02-19T06:47:28,2024-02-19T18:06:48,0.32,Clear,Clear conditions throughout the day.,clear-day,"40394099999,OEHL"
"Hail, Saudi Arabia",2024-02-20,66.2,49.8,57.8,66.2,47.1,57.7,35.6,44.8,0,0,0,,0,0,12.3,6.9,55,1020.2,18.8,6.2,239.7,20.8,9,10,2024-02-20T06:46:36,2024-02-20T18:07:29,0.36,Clear,Clear conditions throughout the day.,clear-day,"40394099999,OEHL"
"Hail, Saudi Arabia",2024-02-21,71.6,50,60.4,71.6,50,60.4,37.4,44.1,0,0,0,,0,0,23.3,13.9,95.2,1021.2,55.7,6.2,230.6,20,8,10,2024-02-21T06:45:43,2024-02-21T18:08:09,0.39,Partially cloudy,Partly cloudy throughout the day.,partly-cloudy-day,"40394099999,OEHL"
"Hail, Saudi Arabia",2024-02-22,78.8,50,63.8,78.8,50,63.8,40.8,44.9,0,0,0,,0,0,22.4,11.4,89.6,1019.4,41.9,6.2,236.8,20.4,8,10,2024-02-22T06:44:49,2024-02-22T18:08:49,0.43,Partially cloudy,Partly cloudy throughout the day.,partly-cloudy-day,"40394099999,OEHL"
"Hail, Saudi Arabia",2024-02-23,82.4,55.7,68.9,80.2,55.7,68.6,41.1,38.7,0,0,0,,0,0,17.4,9.2,37.3,1019.1,27.6,6.2,234.1,20.4,8,10,2024-02-23T06:43:54,2024-02-23T18:09:28,0.46,Partially cloudy,Partly cloudy throughout the day.,partly-cloudy-day,"40394099999,OEHL"
"Hail, Saudi Arabia",2024-02-24,68.1,59,63,68.1,59,63,47.2,57.6,0.012,100,12.5,rain,0,0,21.9,11.4,55.2,1018.2,61.7,6.2,118.2,10.3,6,10,2024-02-24T06:42:58,2024-02-24T18:10:07,0.5,"Rain, Partially cloudy",Partly cloudy throughout the day with a chance of rain throughout the day.,rain,"40394099999,OEHL"
"Hail, Saudi Arabia",2024-02-25,60.8,48.2,54.5,60.8,41.6,54.2,41.5,62.1,0,0,0,,0,0,31.3,27.7,323.2,1018.2,34.4,6.2,156.3,13.6,6,10,2024-02-25T06:42:02,2024-02-25T18:10:46,0.53,Partially cloudy,Partly cloudy throughout the day.,partly-cloudy-day,"40394099999,OEHL"
"Hail, Saudi Arabia",2024-02-26,68,41,54,68,37.9,53.3,36.7,56.4,0,0,0,,0,0,15,11.4,102.1,1016.8,0.3,6.2,252,21.9,9,10,2024-02-26T06:41:05,2024-02-26T18:11:24,0.56,Clear,Clear conditions throughout the day.,clear-day,"40394099999,OEHL"
"Hail, Saudi Arabia",2024-02-27,75.2,44.6,60,75.2,44.6,60,33,37.8,0,0,0,,0,0,19.9,9.2,347.1,1014.5,7.6,6.2,248.1,21.3,9,10,2024-02-27T06:40:07,2024-02-27T18:12:02,0.6,Clear,Clear conditions throughout the day.,clear-day,"40394099999,OEHL"
"Hail, Saudi Arabia",2024-02-28,62.4,44.6,53.6,62.4,40.7,52.8,33.1,46.2,0,0,0,,0,0,23,16.1,47,1019,0,6.2,250.4,21.7,9,10,2024-02-28T06:39:08,2024-02-28T18:12:39,0.63,Clear,Clear conditions throughout the day.,clear-day,"40394099999,OEHL"
"Hail, Saudi Arabia",2024-02-29,59.3,41.1,50.3,59.3,41.1,49.3,23.1,35.1,0,0,0,,0,0,19.7,11.4,42.5,1022.8,0,6.2,264.2,22.8,9,10,2024-02-29T06:38:08,2024-02-29T18:13:16,0.66,Clear,Clear conditions throughout the day.,clear-day,"40394099999,OEHL"
"Hail, Saudi Arabia",2024-03-01,68,33.8,52.1,68,33.8,52,17.1,26,0,0,0,,0,0,17.9,11.4,142.7,1021.7,3.6,6.2,265.9,22.9,9,10,2024-03-01T06:37:08,2024-03-01T18:13:53,0.7,Clear,Clear conditions throughout the day.,clear-day,"40394099999,OEHL"
"Hail, Saudi Arabia",2024-03-02,78.8,46,63.2,78.8,39.9,62,27.3,25.9,0,0,0,,0,0,30.9,16.1,239.6,1017.1,51.8,6.2,239.9,20.7,8,10,2024-03-02T06:36:08,2024-03-02T18:14:29,0.73,Partially cloudy,Partly cloudy throughout the day.,partly-cloudy-day,"40394099999,OEHL"
"Hail, Saudi Arabia",2024-03-03,73.4,51.4,63.6,73.4,51.4,63.6,33.3,32.9,0,0,0,,0,0,28.2,23,326.7,1014.1,0,6.2,259.5,22.3,9,10,2024-03-03T06:35:06,2024-03-03T18:15:05,0.75,Clear,Clear conditions throughout the day.,clear-day,"40394099999,OEHL"
"Hail, Saudi Arabia",2024-03-04,71.4,46.4,60.2,71.4,44.8,60,36.4,42.6,0,0,0,,0,0,20.4,13.9,313.9,1016.1,2.7,6.2,258.2,22.2,9,10,2024-03-04T06:34:04,2024-03-04T18:15:41,0.8,Clear,Clear conditions throughout the day.,clear-day,"40394099999,OEHL"
"Hail, Saudi Arabia",2024-03-05,75.2,44.4,60.9,75.2,44.4,60.9,32.2,35.8,0,0,0,,0,0,14.1,11.4,118.5,1018.3,0,6.2,262.5,22.8,9,10,2024-03-05T06:33:02,2024-03-05T18:16:16,0.83,Clear,Clear conditions throughout the day.,clear-day,"40394099999,OEHL"
"Hail, Saudi Arabia",2024-03-06,78.9,50,65.4,78.9,50,65.4,32.4,30.9,0,0,0,,0,0,31.3,18.3,193.1,1016.7,12.2,6.2,261.6,22.5,9,10,2024-03-06T06:31:59,2024-03-06T18:16:51,0.87,Clear,Clear conditions throughout the day.,clear-day,"40394099999,OEHL"
"Hail, Saudi Arabia",2024-03-07,71.6,53.6,62.9,71.6,53.6,62.9,37.5,39.2,0,0,0,,0,0,24.8,13.9,1.5,1016.5,0.8,6.2,265.9,22.9,9,10,2024-03-07T06:30:55,2024-03-07T18:17:26,0.9,Clear,Clear conditions throughout the day.,clear-day,"40394099999,OEHL"
"Hail, Saudi Arabia",2024-03-08,75,46.4,61.4,75,46.4,61.4,33.9,37.5,0,0,0,,0,0,23.9,11.4,46.4,1017.5,21.2,6.2,262.4,22.8,9,10,2024-03-08T06:29:51,2024-03-08T18:18:01,0.93,Partially cloudy,Partly cloudy throughout the day.,partly-cloudy-day,"40394099999,OEHL"
"Hail, Saudi Arabia",2024-03-09,77,48,63.3,77,44.8,62.9,27.2,27.8,0,0,0,,0,0,22.6,13.9,251.3,1017.3,4.2,6.2,273.4,23.7,9,10,2024-03-09T06:28:47,2024-03-09T18:18:35,0.97,Clear,Clear conditions throughout the day.,clear-day,"40394099999,OEHL"
"Hail, Saudi Arabia",2024-03-10,82,53.6,68.9,79.8,53.6,68.5,25.3,19.6,0,0,0,,0,0,34.9,23,235.6,1015.5,37.4,5.9,246.3,21.3,9,10,2024-03-10T06:27:42,2024-03-10T18:19:09,0,Partially cloudy,Partly cloudy throughout the day.,partly-cloudy-day,"40394099999,OEHL"
"Hail, Saudi Arabia",2024-03-11,75,57.2,68,75,57.2,68,30.1,24.8,0,0,0,,0,0,29.8,18.3,321.7,1018.9,1.4,6.2,275.7,24,9,10,2024-03-11T06:26:37,2024-03-11T18:19:42,0.03,Clear,Clear conditions throughout the day.,clear-day,"40394099999,OEHL"
"Hail, Saudi Arabia",2024-03-12,73.4,49.8,61.5,73.4,49.8,61.5,31.9,35,0,0,0,,0,0,22.8,9.2,119.1,1024.5,6.6,6.2,277.5,24.1,9,10,2024-03-12T06:25:31,2024-03-12T18:20:16,0.07,Clear,Clear conditions throughout the day.,clear-day,"40394099999,OEHL"
"Hail, Saudi Arabia",2024-03-13,86,52.1,69.8,82.7,52.1,69,34.4,28.4,0,0,0,,0,0,34.9,23,212,1018.7,17.8,6.1,261.7,22.5,9,10,2024-03-13T06:24:25,2024-03-13T18:20:49,0.1,Clear,Clear conditions throughout the day.,clear-day,"40394099999,OEHL"
"Hail, Saudi Arabia",2024-03-14,77.1,60.8,68.8,77.1,60.8,68.8,55.3,64,0.213,100,45.83,rain,0,0,39.4,23,209,1017,76.9,6,199.3,17.2,8,10,2024-03-14T06:23:19,2024-03-14T18:21:22,0.13,"Rain, Partially cloudy",Partly cloudy throughout the day with a chance of rain throughout the day.,rain,"40394099999,OEHL"
"Hail, Saudi Arabia",2024-03-15,82.4,59,70.2,81.5,59,69.9,55,65.2,0,0,0,rain,0,0,27.7,23,248.1,1016.1,62.6,6.2,246,21.2,9,10,2024-03-15T06:22:13,2024-03-15T18:21:54,0.17,Partially cloudy,Partly cloudy throughout the day.,partly-cloudy-day,"40394099999,OEHL"
"Hail, Saudi Arabia",2024-03-16,73.4,59,66.5,73.4,59,66.5,36.9,33.8,0,0,0,,0,0,17.4,13.9,41.4,1019.3,92.3,6.2,204.1,17.7,7,10,2024-03-16T06:21:06,2024-03-16T18:22:27,0.2,Overcast,Cloudy skies throughout the day.,cloudy,"40394099999,OEHL"
"Hail, Saudi Arabia",2024-03-17,84.2,53.6,69.6,82,53.6,69.2,44.9,42.2,0,0,0,,0,0,133.5,16.1,161.2,1018.2,61.6,6.2,258.1,22.3,9,10,2024-03-17T06:19:59,2024-03-17T18:22:59,0.25,Partially cloudy,Partly cloudy throughout the day.,partly-cloudy-day,"40394099999,OEHL"
"Hail, Saudi Arabia",2024-03-18,86,59,71.3,85,59,71.1,56.8,63.8,0.232,100,33.33,rain,0,0,39.1,23,223,1013.3,55.2,4.8,235,20.4,8,10,2024-03-18T06:18:52,2024-03-18T18:23:31,0.27,"Rain, Partially cloudy",Partly cloudy throughout the day with rain.,rain,"40394099999,OEHL"
"Hail, Saudi Arabia",2024-03-19,67.8,57.2,61.9,67.8,57.2,61.9,50.4,69.4,0.272,100,41.67,rain,0,0,34.4,23,260.5,1013.9,43.9,5.8,199.1,17.1,7,10,2024-03-19T06:17:45,2024-03-19T18:24:03,0.3,"Rain, Partially cloudy",Partly cloudy throughout the day with rain clearing later.,rain,"40394099999,OEHL"
"Hail, Saudi Arabia",2024-03-20,68.3,48.2,59.2,68.3,48.2,59.2,42.4,56.1,0,0,0,,0,0,10.5,9.2,131.7,1020.1,1.9,6.2,286.8,24.8,10,10,2024-03-20T06:16:38,2024-03-20T18:24:35,0.34,Clear,Clear conditions throughout the day.,clear-day,"40394099999,OEHL"
"Hail, Saudi Arabia",2024-03-21,77,51.8,63.9,77,51.8,63.9,49,60.9,0,0,0,rain,0,0,27.1,20.8,157.2,1017.8,19.6,6.2,262.5,22.6,9,10,2024-03-21T06:15:30,2024-03-21T18:25:07,0.37,Clear,Clear conditions throughout the day.,clear-day,"40394099999,OEHL"
"Hail, Saudi Arabia",2024-03-22,77,57.2,67.3,77,57.2,67.3,42.6,46.9,0,0,0,rain,0,0,26.8,16.1,302.4,1012.2,15,6.2,288.4,25,10,10,2024-03-22T06:14:23,2024-03-22T18:25:39,0.4,Clear,Clear conditions throughout the day.,clear-day,"40394099999,OEHL"
"Hail, Saudi Arabia",2024-03-23,78.8,55.7,67.7,78.8,55.7,67.7,41.9,41.8,0,0,0,,0,0,30.4,18.3,110.1,1012.2,19.8,6.2,275.3,23.8,10,10,2024-03-23T06:13:15,2024-03-23T18:26:10,0.44,Clear,Clear conditions throughout the day.,clear-day,"40394099999,OEHL"
"Hail, Saudi Arabia",2024-03-24,78.8,58.6,68.8,78.8,58.6,68.8,35.4,32.6,0,0,0,,0,0,36.5,25.3,244.9,1006.6,26.1,6,273.5,23.4,9,10,2024-03-24T06:12:08,2024-03-24T18:26:42,0.47,Partially cloudy,Partly cloudy throughout the day.,partly-cloudy-day,"40394099999,OEHL"
"Hail, Saudi Arabia",2024-03-25,65.8,51.8,59.1,65.8,51.8,59.1,39.6,49.4,0,0,0,,0,0,28,25.3,297.8,1015.7,23.4,6.2,261.9,22.6,9,10,2024-03-25T06:11:00,2024-03-25T18:27:13,0.5,Partially cloudy,Partly cloudy throughout the day.,partly-cloudy-day,"40394099999,OEHL"
"Hail, Saudi Arabia",2024-03-26,73.4,48.2,61.6,73.4,48.2,61.6,37.5,45.3,0,0,0,,0,0,18.6,9.2,245.2,1021.8,0,6.2,297.5,25.5,10,10,2024-03-26T06:09:53,2024-03-26T18:27:44,0.54,Clear,Clear conditions throughout the day.,clear-day,"40394099999,OEHL"
"Hail, Saudi Arabia",2024-03-27,78.4,51.7,66.4,78.4,51.7,66.4,36.4,36.5,0,0,0,,0,0,16.8,11.4,41.3,1023,35.1,6.2,282.2,24.3,9,10,2024-03-27T06:08:46,2024-03-27T18:28:15,0.57,Partially cloudy,Partly cloudy throughout the day.,partly-cloudy-day,"40394099999,OEHL"
"Hail, Saudi Arabia",2024-03-28,78.7,58.9,68.3,78.7,58.9,68.3,41.6,39.1,0,0,0,,0,0,23.3,13.9,113.7,1022.5,47.7,6.2,292.3,25.3,10,10,2024-03-28T06:07:38,2024-03-28T18:28:47,0.61,Partially cloudy,Partly cloudy throughout the day.,partly-cloudy-day,OEHL
"Hail, Saudi Arabia",2024-03-29,75.1,58.9,66.3,75.1,58.9,66.3,44.4,47.7,0.169,100,33.33,rain,0,0,30,18.3,168.8,1018,67.8,6.1,154.1,13.3,6,10,2024-03-29T06:06:31,2024-03-29T18:29:18,0.64,"Rain, Partially cloudy",Partly cloudy throughout the day with rain.,rain,OEHL
"Hail, Saudi Arabia",2024-03-30,67.9,55.3,59.4,67.9,55.3,59.4,54.9,86.1,0.346,100,54.17,rain,0,0,21.3,116.3,141.2,1017.4,71.1,6,163,14,5,10,2024-03-30T06:05:24,2024-03-30T18:29:49,0.68,"Rain, Partially cloudy",Partly cloudy throughout the day with a chance of rain throughout the day.,rain,OEHL
"Hail, Saudi Arabia",2024-03-31,75.1,55.3,64.1,75.1,55.3,64.1,49.2,60.1,0,0,0,rain,0,0,26.4,11.4,77.2,1020.7,23.5,6.2,274.8,23.6,9,10,2024-03-31T06:04:17,2024-03-31T18:30:20,0.71,Partially cloudy,Partly cloudy throughout the day.,partly-cloudy-day,OEHL
"Hail, Saudi Arabia",2024-04-01,76.9,58.9,67.7,76.9,58.9,67.7,51.1,58.3,0,0,0,,0,0,22.6,18.3,82.5,1019.9,10.3,6.2,281.2,24.3,9,10,2024-04-01T06:03:10,2024-04-01T18:30:51,0.74,Clear,Clear conditions throughout the day.,clear-day,"40394099999,OEHL"
"Hail, Saudi Arabia",2024-04-02,80.5,59,69.6,79,59,69.4,42.9,41.8,0,0,0,,0,0,19.7,16.1,88.2,1017.4,25.7,6.2,303.3,26.1,10,10,2024-04-02T06:02:04,2024-04-02T18:31:22,0.75,Partially cloudy,Partly cloudy throughout the day.,partly-cloudy-day,"40394099999,OEHL"
"Hail, Saudi Arabia",2024-04-03,80.6,60.4,70.5,80.3,60.4,70.5,44.4,41,0,0,0,,0,0,20.1,9.2,50.5,1017,28.6,6.2,307.6,26.5,10,10,2024-04-03T06:00:58,2024-04-03T18:31:54,0.81,Partially cloudy,Clearing in the afternoon.,partly-cloudy-day,"40394099999,OEHL"
"Hail, Saudi Arabia",2024-04-04,82.4,55,71.2,79.9,55,70.8,36,33,0,0,0,,0,0,12.5,6.9,153.4,1019.6,0,6.2,312.7,26.9,10,10,2024-04-04T05:59:52,2024-04-04T18:32:25,0.85,Clear,Clear conditions throughout the day.,clear-day,"40394099999,OEHL"
"Hail, Saudi Arabia",2024-04-05,84.2,57,73,81.4,57,72.1,37.3,30,0,0,0,,0,0,26.8,11.4,194.1,1018.8,0.2,6.2,312.2,26.9,10,10,2024-04-05T05:58:46,2024-04-05T18:32:56,0.88,Clear,Clear conditions throughout the day.,clear-day,"40394099999,OEHL"
"Hail, Saudi Arabia",2024-04-06,86.1,64.2,75.7,83.5,64.2,74.8,42.4,31.4,0.016,100,4.17,rain,0,0,29.1,11.4,204.2,1014.8,39.7,6.2,245.5,21.2,8,10,2024-04-06T05:57:41,2024-04-06T18:33:27,0.92,"Rain, Partially cloudy",Partly cloudy throughout the day with afternoon rain.,rain,"40394099999,OEHL"
"Hail, Saudi Arabia",2024-04-07,86,66,76.1,82.6,66,75.1,39.2,31.8,0,0,0,,0,0,32.2,25.3,253.6,1011,35.2,6.2,315.6,27.4,10,10,2024-04-07T05:56:36,2024-04-07T18:33:59,0.95,Partially cloudy,Partly cloudy throughout the day.,partly-cloudy-day,"40394099999,OEHL"
"Hail, Saudi Arabia",2024-04-08,87.8,58.6,73.6,84.9,58.6,72.7,38.8,31.5,0,0,0,,0,0,27.1,20.8,217.3,1011.2,11.5,6.2,322.7,28,10,10,2024-04-08T05:55:32,2024-04-08T18:34:30,0,Clear,Clear conditions throughout the day.,clear-day,"40394099999,OEHL"
"Hail, Saudi Arabia",2024-04-09,86,55.7,73,82.7,55.7,72.1,29.5,22.8,0,0,0,,0,0,25.7,18.3,236.6,1011.7,0,6.2,324.1,28,10,10,2024-04-09T05:54:28,2024-04-09T18:35:02,0.02,Clear,Clear conditions throughout the day.,clear-day,"40394099999,OEHL"
"Hail, Saudi Arabia",2024-04-10,78.8,64.4,71.8,78.8,64.4,71.8,33.4,24.7,0,0,0,,0,0,34.4,23,281.7,1014.4,47.4,6.2,298.6,26,10,10,2024-04-10T05:53:24,2024-04-10T18:35:33,0.05,Partially cloudy,Partly cloudy throughout the day.,partly-cloudy-day,"40394099999,OEHL"
"Hail, Saudi Arabia",2024-04-11,78.9,59,69.8,78.9,59,69.8,38,32.1,0,0,0,,0,0,17,9.2,44.2,1016.5,0.5,6.2,319,27.7,10,10,2024-04-11T05:52:21,2024-04-11T18:36:05,0.09,Clear,Clear conditions throughout the day.,clear-day,"40394099999,OEHL"
"Hail, Saudi Arabia",2024-04-12,78.8,59.3,70.6,78.8,59.3,70.6,42.1,36.6,0,0,0,,0,0,20.4,13.9,59.5,1016.3,71.7,6.2,281.2,24.5,9,10,2024-04-12T05:51:18,2024-04-12T18:36:37,0.12,Partially cloudy,Partly cloudy throughout the day.,partly-cloudy-day,"40394099999,OEHL"
"Hail, Saudi Arabia",2024-04-13,82.4,62.2,72.7,80.6,62.2,72.4,42.7,34.9,0,0,0,,0,0,19.2,16.1,80.6,1014,20.5,6.2,287.9,24.8,10,10,2024-04-13T05:50:16,2024-04-13T18:37:09,0.15,Partially cloudy,Partly cloudy throughout the day.,partly-cloudy-day,"40394099999,OEHL"
"Hail, Saudi Arabia",2024-04-14,86,64.4,74,82.8,64.4,73.4,39.1,28.8,0.016,100,8.33,rain,0,0,26.2,13.9,112.9,1012.1,37.6,6.2,275,23.8,9,10,2024-04-14T05:49:14,2024-04-14T18:37:41,0.18,"Rain, Partially cloudy",Becoming cloudy in the afternoon with afternoon rain.,rain,"40394099999,OEHL"
"Hail, Saudi Arabia",2024-04-15,74.8,55,64.4,74.8,55,64.4,47.8,59.2,0.103,100,12.5,rain,0,0,27.5,23,64.3,1012.6,41.3,6.2,261.2,22.6,10,10,2024-04-15T05:48:13,2024-04-15T18:38:13,0.25,"Rain, Partially cloudy",Partly cloudy throughout the day with afternoon rain.,rain,"40394099999,OEHL"
"Hail, Saudi Arabia",2024-04-16,75.2,53.4,65.5,75.2,53.4,65.5,45.7,50.1,0,0,0,rain,0,0,27.3,13.9,16.6,1016.5,9.2,6.2,266.3,22.9,10,10,2024-04-16T05:47:12,2024-04-16T18:38:46,0.25,Clear,Clear conditions throughout the day.,clear-day,"40394099999,OEHL"
"Hail, Saudi Arabia",2024-04-17,80.6,55.4,70.7,79.4,55.4,70.4,47.8,49.4,0,0,0,,0,0,12.5,4.7,183.7,1016.6,0,6.2,320.2,27.7,10,10,2024-04-17T05:46:13,2024-04-17T18:39:18,0.28,Clear,Clear conditions throughout the day.,clear-day,"40394099999,OEHL"
"Hail, Saudi Arabia",2024-04-18,89.2,60.8,75.6,85.4,60.8,74.3,44.1,37.7,0,0,0,,0,0,15.7,16.1,239.6,1015.8,0,6.2,322.2,28,10,10,2024-04-18T05:45:13,2024-04-18T18:39:51,0.32,Clear,Clear conditions throughout the day.,clear-day,"40394099999,OEHL"
"Hail, Saudi Arabia",2024-04-19,89.7,62.6,78.4,86.7,62.6,77,42.2,29.3,0,0,0,,0,0,20.4,13.9,120.2,1013.3,17.3,6.2,304.6,26.5,10,10,2024-04-19T05:44:15,2024-04-19T18:40:23,0.35,Clear,Clear conditions throughout the day.,clear-day,"40394099999,OEHL"
"Hail, Saudi Arabia",2024-04-20,93.3,64,81.2,89.2,64,79.2,42.4,28.3,0,0,0,,0,0,25.7,18.3,235.8,1010.8,2.7,6.2,318.9,27.8,10,10,2024-04-20T05:43:17,2024-04-20T18:40:56,0.38,Clear,Clear conditions throughout the day.,clear-day,"40394099999,OEHL"
"Hail, Saudi Arabia",2024-04-21,87.8,71.6,80.4,84.1,71.6,79.1,36.2,20.8,0,0,0,,0,0,33.3,27.7,313.2,1011.6,0,5.9,327.8,28.2,10,10,2024-04-21T05:42:20,2024-04-21T18:41:29,0.41,Clear,Clear conditions throughout the day.,clear-day,"40394099999,OEHL"
"Hail, Saudi Arabia",2024-04-22,84.2,66.2,75.9,82,66.2,75.3,45.3,34.7,0,0,0,,0,0,27.7,16.1,16.1,1018.5,1.3,6.1,322.7,27.8,10,10,2024-04-22T05:41:23,2024-04-22T18:42:02,0.45,Clear,Clear conditions throughout the day.,clear-day,"40394099999,OEHL"
"Hail, Saudi Arabia",2024-04-23,87.8,62.2,76.7,84.1,62.2,75.6,36,25,0,0,0,,0,0,21.9,13.9,2.6,1019.2,21.2,6.2,327.6,28.2,10,10,2024-04-23T05:40:28,2024-04-23T18:42:36,0.48,Partially cloudy,Becoming cloudy in the afternoon.,partly-cloudy-day,"40394099999,OEHL"
"Hail, Saudi Arabia",2024-04-24,87.8,66,78.2,84.1,66,76.8,34,21.1,0,0,0,,0,0,20.8,9.2,22.8,1016.3,0,6.2,334.9,28.9,10,10,2024-04-24T05:39:33,2024-04-24T18:43:09,0.5,Clear,Clear conditions throughout the day.,clear-day,"40394099999,OEHL"
"Hail, Saudi Arabia",2024-04-25,89.9,60.8,77.8,85.8,60.8,76.2,36.6,25,0,0,0,,0,0,15,9.2,95.3,1014,8.2,6.2,335,28.9,10,10,2024-04-25T05:38:39,2024-04-25T18:43:43,0.55,Clear,Clear conditions throughout the day.,clear-day,"40394099999,OEHL"
"Hail, Saudi Arabia",2024-04-26,93.5,62.9,80.4,89.6,62.9,78.6,37.5,22.8,0,0,0,,0,0,19.7,13.9,73.3,1012.7,31.5,6.2,327.4,28.2,10,10,2024-04-26T05:37:45,2024-04-26T18:44:16,0.58,Partially cloudy,Partly cloudy throughout the day.,partly-cloudy-day,"40394099999,OEHL"
"Hail, Saudi Arabia",2024-04-27,91.4,69.8,81.3,87.5,69.8,79.6,43.5,27.7,0.032,100,8.33,rain,0,0,29.3,13.9,238.7,1011.7,37,5.5,276,24,10,10,2024-04-27T05:36:53,2024-04-27T18:44:50,0.62,"Rain, Partially cloudy",Partly cloudy throughout the day with rain.,rain,"40394099999,OEHL"
"Hail, Saudi Arabia",2024-04-28,80.6,66.2,74,79.6,66.2,73.9,52,47.6,0.028,100,20.83,rain,0,0,36.9,23,246,1013.6,60.2,6.2,246.6,21.2,8,10,2024-04-28T05:36:01,2024-04-28T18:45:24,0.65,"Rain, Partially cloudy",Partly cloudy throughout the day with rain in the morning and afternoon.,rain,"40394099999,OEHL"
"Hail, Saudi Arabia",2024-04-29,86,60.8,72.6,83.2,60.8,72.1,48.7,45.5,0.032,100,20.83,rain,0,0,38,32.2,209,1013.3,35.4,6,298,25.7,10,10,2024-04-29T05:35:11,2024-04-29T18:45:58,0.69,"Rain, Partially cloudy",Becoming cloudy in the afternoon with rain.,rain,"40394099999,OEHL"
"Hail, Saudi Arabia",2024-04-30,82.4,60.9,69.1,81.2,60.9,69,54.7,63,0.087,100,25,rain,0,0,34.4,23,225.4,1012.2,47.2,6.2,272.6,23.6,10,10,2024-04-30T05:34:21,2024-04-30T18:46:32,0.73,"Rain, Partially cloudy",Partly cloudy throughout the day with a chance of rain throughout the day.,rain,"40394099999,OEHL"
"Hail, Saudi Arabia",2024-05-01,82.3,60.7,70.3,80.7,60.7,70.2,53,58.5,0.063,100,8.33,rain,0,0,16.3,16.1,153,1010.5,23.8,6.2,296.7,25.7,10,10,2024-05-01T05:33:33,2024-05-01T18:47:07,0.75,"Rain, Partially cloudy",Becoming cloudy in the afternoon with afternoon rain.,rain,"40394099999,OEHL"
"Hail, Saudi Arabia",2024-05-02,85.5,60.8,75,83.8,60.8,74.3,52.7,50.9,0,0,0,,0,0,21.9,16.1,262.8,1010.3,17.2,6.2,306.3,26.6,10,10,2024-05-02T05:32:45,2024-05-02T18:47:41,0.8,Clear,Clear conditions throughout the day.,clear-day,"40394099999,OEHL"
"Hail, Saudi Arabia",2024-05-03,86.1,64.2,76.1,83.1,64.2,75.3,46,36.7,0,0,0,,0,0,28.6,18.3,298.8,1011.7,12.2,6.2,329.2,28.5,10,10,2024-05-03T05:31:58,2024-05-03T18:48:15,0.83,Clear,Clear conditions throughout the day.,clear-day,"40394099999,OEHL"
"Hail, Saudi Arabia",2024-05-04,87.8,59,75.6,84.1,59,74.5,38.8,28.5,0,0,0,,0,0,16.1,11.4,252.5,1014.3,0,6.2,336.8,29,10,10,2024-05-04T05:31:12,2024-05-04T18:48:50,0.87,Clear,Clear conditions throughout the day.,clear-day,"40394099999,OEHL"
"Hail, Saudi Arabia",2024-05-05,93.2,66.2,80.4,89,66.2,78.4,37.4,22.8,0,0,0,,0,0,29.8,20.8,248.7,1011.5,8.8,6.2,330.7,28.5,10,10,2024-05-05T05:30:28,2024-05-05T18:49:25,0.9,Clear,Clear conditions throughout the day.,clear-day,"40394099999,OEHL"
"Hail, Saudi Arabia",2024-05-06,86,69.8,78.2,82.7,69.8,77.2,34.6,21.3,0,0,0,,0,0,33.1,23,271.2,1011.7,0.2,6.2,340.6,29.3,10,10,2024-05-06T05:29:44,2024-05-06T18:49:59,0.94,Clear,Clear conditions throughout the day.,clear-day,"40394099999,OEHL"
"Hail, Saudi Arabia",2024-05-07,80.7,64.7,73.2,79.2,64.7,73,37.9,28.6,0,0,0,,0,0,25.3,16.1,4.2,1015.7,8.3,6.2,340.5,29.4,10,10,2024-05-07T05:29:01,2024-05-07T18:50:34,0.97,Clear,Clear conditions throughout the day.,clear-day,"40394099999,OEHL"
"Hail, Saudi Arabia",2024-05-08,84.2,62.6,74.4,81.3,62.6,73.7,33.6,23.1,0,0,0,,0,0,19.5,11.4,53.8,1017.6,0.8,6.2,342.4,29.5,10,10,2024-05-08T05:28:20,2024-05-08T18:51:09,0,Clear,Clear conditions throughout the day.,clear-day,"40394099999,OEHL"
"Hail, Saudi Arabia",2024-05-09,91.4,64,78.6,87.2,64,77.1,38.2,24,0,0,0,,0,0,28.2,16.1,119.3,1016.7,1.8,6.2,340.1,29.3,10,10,2024-05-09T05:27:39,2024-05-09T18:51:43,0.04,Clear,Clear conditions throughout the day.,clear-day,"40394099999,OEHL"
"Hail, Saudi Arabia",2024-05-10,98.6,68.3,84.8,94.6,68.3,82.7,39.9,21.2,0,0,0,,0,0,29.1,13.9,208.6,1015.1,30.7,6.2,332.3,28.6,10,10,2024-05-10T05:27:00,2024-05-10T18:52:18,0.07,Partially cloudy,Partly cloudy throughout the day.,partly-cloudy-day,"40394099999,OEHL"
"Hail, Saudi Arabia",2024-05-11,100.4,76.8,87.8,98.5,76.8,86.3,52.5,31.6,0.012,100,12.5,rain,0,0,30,18.3,230.9,1014.3,58.3,6.2,278.4,24,9,10,2024-05-11T05:26:22,2024-05-11T18:52:53,0.1,"Rain, Partially cloudy",Partly cloudy throughout the day with rain.,rain,"40394099999,OEHL"
"Hail, Saudi Arabia",2024-05-12,100.4,73.4,88.4,96.3,73.4,85.9,45.7,24.4,0,0,0,,0,0,24.2,13.9,224.4,1013.4,15.7,6.2,327.8,28,10,10,2024-05-12T05:25:45,2024-05-12T18:53:28,0.14,Clear,Clear conditions throughout the day.,clear-day,"40394099999,OEHL"
"Hail, Saudi Arabia",2024-05-13,91.4,77,83.8,87.7,77,81.7,43.2,24.6,0,0,0,,0,0,26.4,18.3,329.3,1011.7,7,6.2,336.2,28.9,10,10,2024-05-13T05:25:09,2024-05-13T18:54:02,0.17,Clear,Clear conditions throughout the day.,clear-day,"40394099999,OEHL"
"Hail, Saudi Arabia",2024-05-14,91.4,68,79.2,87.2,68,77.7,37.5,23.2,0,0,0,,0,0,27.7,18.3,66,1012.8,9.1,6.2,340.2,29.4,10,10,2024-05-14T05:24:35,2024-05-14T18:54:37,0.2,Clear,Clear conditions throughout the day.,clear-day,"40394099999,OEHL"
"Hail, Saudi Arabia",2024-05-15,93.2,69.8,81.3,89,69.8,79.5,38.4,22,0,0,0,,0,0,28.6,20.8,81.8,1012.8,1.5,6.2,340.1,29.6,10,10,2024-05-15T05:24:01,2024-05-15T18:55:12,0.25,Clear,Clear conditions throughout the day.,clear-day,"40394099999,OEHL"
"Hail, Saudi Arabia",2024-05-16,100.4,70.1,83.3,95.6,70.1,81.5,44.3,26.2,0,0,0,,0,0,18.6,11.4,44.3,1015,18.5,6.2,319.6,27.5,10,10,2024-05-16T05:23:29,2024-05-16T18:55:46,0.27,Clear,Clear conditions throughout the day.,clear-day,"40394099999,OEHL"
"Hail, Saudi Arabia",2024-05-17,91.5,75,83.7,87.7,75,81.7,39.1,20.8,0,0,0,,0,0,21.7,16.1,15.4,1018.4,1.2,6.2,339.5,29.6,10,10,2024-05-17T05:22:58,2024-05-17T18:56:20,0.3,Clear,Clear conditions throughout the day.,clear-day,"40394099999,OEHL"
"Hail, Saudi Arabia",2024-05-18,93.2,69.8,82.5,88.8,69.8,80.4,36.1,19.5,0,0,0,,0,0,20.1,9.2,56.8,1019,0,6.2,342.5,29.6,10,10,2024-05-18T05:22:28,2024-05-18T18:56:54,0.33,Clear,Clear conditions throughout the day.,clear-day,"40394099999,OEHL"
"Hail, Saudi Arabia",2024-05-19,96.8,68,84.7,92.6,68,82.1,35.9,18.2,0,0,0,,0,0,21.9,16.1,246.7,1015.3,0,6.2,337.8,29.4,10,10,2024-05-19T05:22:00,2024-05-19T18:57:28,0.36,Clear,Clear conditions throughout the day.,clear-day,"40394099999,OEHL"
"Hail, Saudi Arabia",2024-05-20,98.6,68.1,86.6,94.1,68.1,83.9,38.9,19.3,0,0,0,,0,0,23.7,16.1,316.3,1013.2,1.6,6.2,332.8,28.7,10,10,2024-05-20T05:21:33,2024-05-20T18:58:02,0.4,Clear,Clear conditions throughout the day.,clear-day,"40394099999,OEHL"
"Hail, Saudi Arabia",2024-05-21,98.6,73.4,87.3,93.9,73.4,84.3,38.8,18.7,0,0,0,,0,0,23.7,23,284.1,1014,5.4,6.2,333.2,28.9,10,10,2024-05-21T05:21:07,2024-05-21T18:58:36,0.43,Clear,Clear conditions throughout the day.,clear-day,"40394099999,OEHL"
"Hail, Saudi Arabia",2024-05-22,96.8,75.2,87,92.2,75.2,84.1,37.9,18.1,0,0,0,,0,0,19.9,16.1,333,1013.7,0,6.2,340.6,29.6,10,10,2024-05-22T05:20:42,2024-05-22T18:59:09,0.46,Clear,Clear conditions throughout the day.,clear-day,"40394099999,OEHL"
"Hail, Saudi Arabia",2024-05-23,96.8,69.8,85.6,92.4,69.8,82.8,36.9,18.3,0,0,0,,0,0,14.8,13.9,288.4,1014.2,0,6.2,337.6,29.2,10,10,2024-05-23T05:20:19,2024-05-23T18:59:42,0.5,Clear,Clear conditions throughout the day.,clear-day,"40394099999,OEHL"
"Hail, Saudi Arabia",2024-05-24,96.8,75.2,87.6,92.6,75.2,84.6,40.6,19.4,0,0,0,,0,0,18.3,20.8,354.9,1014,0,6.2,337.2,29.1,10,10,2024-05-24T05:19:57,2024-05-24T19:00:15,0.53,Clear,Clear conditions throughout the day.,clear-day,"40394099999,OEHL"
"Hail, Saudi Arabia",2024-05-25,93.3,73.4,84.2,89.4,73.4,81.9,38.2,19.9,0,0,0,,0,0,23.3,11.4,12.9,1012.5,0,6.2,336.6,29.2,10,10,2024-05-25T05:19:36,2024-05-25T19:00:47,0.56,Clear,Clear conditions throughout the day.,clear-day,"40394099999,OEHL"
"Hail, Saudi Arabia",2024-05-26,93.2,73.4,83.9,88.9,73.4,81.6,35.1,17.6,0,0,0,,0,0,20.4,13.9,39.3,1014.9,0,6.2,341.4,29.6,10,10,2024-05-26T05:19:17,2024-05-26T19:01:20,0.6,Clear,Clear conditions throughout the day.,clear-day,"40394099999,OEHL"
"Hail, Saudi Arabia",2024-05-27,98.6,73.4,87.4,94.1,73.4,84.7,39,18.9,0,0,0,,0,0,23.9,18.3,82.1,1015.2,1.3,6.2,336.4,29.2,10,10,2024-05-27T05:18:59,2024-05-27T19:01:51,0.64,Clear,Clear conditions throughout the day.,clear-day,"40394099999,OEHL"
"Hail, Saudi Arabia",2024-05-28,104,77.3,91,98.7,77.3,87.6,37.2,15.6,0,0,0,,0,0,32,20.8,103.7,1014.5,3.1,6.2,339.3,29.3,10,10,2024-05-28T05:18:42,2024-05-28T19:02:23,0.67,Clear,Clear conditions throughout the day.,clear-day,"40394099999,OEHL"
"Hail, Saudi Arabia",2024-05-29,104.3,78.8,93.1,98.7,78.8,89.1,36.3,14.3,0,0,0,,0,0,24.2,18.3,256.9,1012.5,0,6.2,339.9,29.5,10,10,2024-05-29T05:18:27,2024-05-29T19:02:54,0.71,Clear,Clear conditions throughout the day.,clear-day,"40394099999,OEHL"
"Hail, Saudi Arabia",2024-05-30,104,77.3,91.3,99.2,77.3,87.8,38,15.9,0,0,0,,0,0,22.1,11.4,331.9,1012.8,0,6.2,336.7,29.1,10,10,2024-05-30T05:18:12,2024-05-30T19:03:24,0.75,Clear,Clear conditions throughout the day.,clear-day,"40394099999,OEHL"
"Hail, Saudi Arabia",2024-05-31,102.2,77,91.1,97.5,77,87.5,36.3,14.9,0,0,0,,0,0,22.4,11.4,24.2,1015.5,2.5,6.2,336,28.9,10,10,2024-05-31T05:18:00,2024-05-31T19:03:54,0.78,Clear,Clear conditions throughout the day.,clear-day,"40394099999,OEHL"
"Hail, Saudi Arabia",2024-06-01,98.7,80.4,89.8,94.7,78.8,86.4,40.5,18,0,0,0,,0,0,25.1,16.1,52.4,1017.1,2.1,6.2,332.8,28.8,10,10,2024-06-01T05:17:48,2024-06-01T19:04:23,0.82,Clear,Clear conditions throughout the day.,clear-day,"40394099999,OEHL"
"Hail, Saudi Arabia",2024-06-02,102.2,77.1,90.3,97.8,77.1,87.1,41,18.7,0,0,0,,0,0,23.9,11.4,75.7,1016.3,0,6.2,333.4,28.8,10,10,2024-06-02T05:17:38,2024-06-02T19:04:52,0.85,Clear,Clear conditions throughout the day.,clear-day,"40394099999,OEHL"
"Hail, Saudi Arabia",2024-06-03,107.6,79.1,94,101.8,78.9,90.1,37.9,15.1,0,0,0,,0,0,26.2,18.3,216.7,1014.5,7.5,6.2,334.3,28.8,10,10,2024-06-03T05:17:29,2024-06-03T19:05:20,0.89,Clear,Clear conditions throughout the day.,clear-day,"40394099999,OEHL"
"Hail, Saudi Arabia",2024-06-04,109.2,78.8,95.6,103.2,78.8,91.5,39.2,15,0,0,0,,0,0,18.8,9.2,29.1,1013,0.3,6.2,332.5,28.8,10,10,2024-06-04T05:17:21,2024-06-04T19:05:48,0.92,Clear,Clear conditions throughout the day.,clear-day,"40394099999,OEHL"
"Hail, Saudi Arabia",2024-06-05,109,75.5,96.5,103,75.5,92.3,37.3,13.6,0,0,0,,0,0,16.8,9.2,10.1,1012.1,14.7,6.2,322.6,28,10,10,2024-06-05T05:17:15,2024-06-05T19:06:15,0.96,Clear,Clear conditions throughout the day.,clear-day,"40394099999,OEHL"
"Hail, Saudi Arabia",2024-06-06,110.8,82.2,98,110.8,80,93.9,39.2,13.5,0,0,0,,0,0,23,13.9,313.7,1011.6,8.5,6.2,331.7,28.7,10,10,2024-06-06T05:17:10,2024-06-06T19:06:41,0,Clear,Clear conditions throughout the day.,clear-day,"40394099999,OEHL"
"Hail, Saudi Arabia",2024-06-07,109,82.7,98.5,103,80.2,93.6,35.4,11.5,0,0,0,,0,0,24.8,16.1,342.3,1011.6,0,6.2,336.4,29.2,10,10,2024-06-07T05:17:06,2024-06-07T19:07:07,0.03,Clear,Clear conditions throughout the day.,clear-day,"40394099999,OEHL"
"Hail, Saudi Arabia",2024-06-08,107.7,77,95.3,101.6,77,91.2,34.5,12.4,0,0,0,,0,0,25.9,51.4,233.5,1010.2,8.2,6.2,324.6,28.3,10,10,2024-06-08T05:17:04,2024-06-08T19:07:32,0.06,Clear,Clear conditions throughout the day.,wind,"40394099999,OEHL"
"Hail, Saudi Arabia",2024-06-09,107.6,82.4,97.3,102.1,80.1,92.9,38.4,13.5,0,0,0,,0,0,24.2,18.3,261,1009.3,36.7,6.2,282.3,24.3,9,10,2024-06-09T05:17:03,2024-06-09T19:07:56,0.09,Partially cloudy,Becoming cloudy in the afternoon.,partly-cloudy-day,"40394099999,OEHL"
"Hail, Saudi Arabia",2024-06-10,100.7,87.4,94.2,96.1,83.8,89.8,35.1,12.7,0,0,0,,0,0,26.4,18.3,274.3,1011.1,14.9,6.2,329.9,28.5,10,10,2024-06-10T05:17:03,2024-06-10T19:08:19,0.12,Clear,Clear conditions throughout the day.,clear-day,"40394099999,OEHL"
"Hail, Saudi Arabia",2024-06-11,102.2,80.7,91.8,97.3,79.1,87.9,38.1,15.6,0,0,0,,0,0,20.6,11.4,22.9,1012.8,0,6.2,332.5,28.9,10,10,2024-06-11T05:17:04,2024-06-11T19:08:42,0.16,Clear,Clear conditions throughout the day.,clear-day,"40394099999,OEHL"
"Hail, Saudi Arabia",2024-06-12,100.7,78.8,92.3,95.7,78.8,88.5,37.2,14.9,0,0,0,,0,0,18.3,13.9,42.2,1013.8,0,6.2,330.1,28.6,10,10,2024-06-12T05:17:07,2024-06-12T19:09:03,0.19,Clear,Clear conditions throughout the day.,clear-day,"40394099999,OEHL"
"Hail, Saudi Arabia",2024-06-13,104.3,82.4,94.3,99.2,80,90,34.6,12.6,0,0,0,,0,0,23,18.3,359.1,1014.2,0.1,6.2,334.5,29,10,10,2024-06-13T05:17:11,2024-06-13T19:09:24,0.22,Clear,Clear conditions throughout the day.,clear-day,"40394099999,OEHL"
"Hail, Saudi Arabia",2024-06-14,103.8,78.8,94,99,78.5,90,37,13.8,0,0,0,,0,0,30.9,18.3,331,1012.5,0,6.2,330.2,28.6,10,10,2024-06-14T05:17:15,2024-06-14T19:09:44,0.25,Clear,Clear conditions throughout the day.,clear-day,"40394099999,OEHL"
"Hail, Saudi Arabia",2024-06-15,104.1,86,95.5,99.5,82.9,91.4,41.6,15.9,0,0,0,,0,0,28.6,16.1,350.2,1010.6,0,6.2,330,28.5,10,10,2024-06-15T05:17:22,2024-06-15T19:10:03,0.29,Clear,Clear conditions throughout the day.,clear-day,"40394099999,OEHL"
"Hail, Saudi Arabia",2024-06-16,105.8,77.3,93.6,101.2,77.3,90.2,41.1,17.2,0,0,0,,0,0,18.8,11.4,32.7,1012,5.1,6.2,323.7,28,10,10,2024-06-16T05:17:29,2024-06-16T19:10:21,0.32,Clear,Clear conditions throughout the day.,clear-day,"40394099999,OEHL"
"Hail, Saudi Arabia",2024-06-17,107.2,77,95.2,101.5,77,91.1,37.5,14.3,0,0,0,,0,0,19,9.2,74.2,1013.1,18.2,6.2,319.5,27.6,10,10,2024-06-17T05:17:37,2024-06-17T19:10:38,0.35,Clear,Clear conditions throughout the day.,clear-day,"40394099999,OEHL"
"Hail, Saudi Arabia",2024-06-18,107.6,86,97,102.1,82.7,92.4,37.5,13,0,0,0,,0,0,22.1,11.4,62.2,1013.1,35.9,6.2,323,28,10,10,2024-06-18T05:17:47,2024-06-18T19:10:54,0.38,Partially cloudy,Becoming cloudy in the afternoon.,partly-cloudy-day,"40394099999,OEHL"
"Hail, Saudi Arabia",2024-06-19,107.7,80.6,96.2,102.5,78.9,92,38.8,14.1,0,0,0,,0,0,19.2,9.2,86.5,1012.8,20.3,6.2,309.1,26.9,10,10,2024-06-19T05:17:57,2024-06-19T19:11:09,0.41,Partially cloudy,Partly cloudy throughout the day.,partly-cloudy-day,"40394099999,OEHL"
"Hail, Saudi Arabia",2024-06-20,111.2,78.9,97.1,111.2,78.9,93,38.1,13.5,0,0,0,,0,0,18.6,6.9,306.9,1011.8,23.4,6.2,306.6,26.4,9,10,2024-06-20T05:18:09,2024-06-20T19:11:23,0.45,Partially cloudy,Partly cloudy throughout the day.,partly-cloudy-day,"40394099999,OEHL"
"Hail, Saudi Arabia",2024-06-21,110.8,82.5,98.9,110.8,80.2,94.4,37.9,12.8,0,0,0,,0,0,21.9,16.1,284.2,1009.8,10.1,6.2,318.2,27.6,10,10,2024-06-21T05:18:22,2024-06-21T19:11:35,0.48,Clear,Clear conditions throughout the day.,clear-day,"40394099999,OEHL"
"Hail, Saudi Arabia",2024-06-22,109.4,82.4,98.4,103.4,80,93.6,36,11.9,0,0,0,,0,0,21.5,16.1,325.4,1008,7.1,6.2,323.6,28.1,10,10,2024-06-22T05:18:36,2024-06-22T19:11:47,0.5,Clear,Clear conditions throughout the day.,clear-day,"40394099999,OEHL"
"Hail, Saudi Arabia",2024-06-23,105.8,82.7,95.7,100.8,80.3,91.4,39.2,14.4,0,0,0,,0,0,20.4,13.9,21,1008.8,11.6,6.2,317.8,27.6,10,10,2024-06-23T05:18:51,2024-06-23T19:11:57,0.55,Clear,Clear conditions throughout the day.,clear-day,"40394099999,OEHL"
"Hail, Saudi Arabia",2024-06-24,100.7,80.7,92.8,96.6,79.1,89.1,42.4,17.6,0,0,0,,0,0,19,11.4,8.6,1010.3,1.9,6.2,326.7,28.3,10,10,2024-06-24T05:19:06,2024-06-24T19:12:07,0.58,Clear,Clear conditions throughout the day.,clear-day,"40394099999,OEHL"
"Hail, Saudi Arabia",2024-06-25,104,76.4,92.8,98.9,76.4,89.1,39.1,15.9,0,0,0,,0,0,23,13.9,341.9,1009.5,0,6.2,328.9,28.5,10,10,2024-06-25T05:19:23,2024-06-25T19:12:15,0.62,Clear,Clear conditions throughout the day.,clear-day,"40394099999,OEHL"
"Hail, Saudi Arabia",2024-06-26,104,77.1,93.5,98.9,77.1,89.7,39.5,16,0,0,0,,0,0,24.4,18.3,340.2,1008.4,0,6.2,329.4,28.4,10,10,2024-06-26T05:19:41,2024-06-26T19:12:22,0.66,Clear,Clear conditions throughout the day.,clear-day,"40394099999,OEHL"
"Hail, Saudi Arabia",2024-06-27,104.3,78.9,95.1,98.3,78.9,90.6,32.7,11.4,0,0,0,,0,0,23,11.4,352.7,1008.8,0,6.2,334,28.9,10,10,2024-06-27T05:19:59,2024-06-27T19:12:27,0.69,Clear,Clear conditions throughout the day.,clear-day,"40394099999,OEHL"
"Hail, Saudi Arabia",2024-06-28,105.8,77,93.3,101.2,77,89.6,35.3,13.4,0,0,0,,0,0,23.5,18.3,306.3,1008.3,0,6.2,330.6,28.5,10,10,2024-06-28T05:20:19,2024-06-28T19:12:32,0.73,Clear,Clear conditions throughout the day.,clear-day,"40394099999,OEHL"
"Hail, Saudi Arabia",2024-06-29,105.8,78.9,94.8,99.8,78.9,90.6,36.4,13.4,0,0,0,,0,0,20.6,18.3,346.2,1007,0,6.2,331.9,28.5,10,10,2024-06-29T05:20:39,2024-06-29T19:12:35,0.75,Clear,Clear conditions throughout the day.,clear-day,"40394099999,OEHL"
"Hail, Saudi Arabia",2024-06-30,106.1,75.5,94.6,100.3,75.5,90.6,35.3,13.2,0,0,0,,0,0,19.5,13.9,265.1,1007.6,2.7,6.2,330.8,28.4,10,10,2024-06-30T05:21:00,2024-06-30T19:12:37,0.8,Clear,Clear conditions throughout the day.,clear-day,"40394099999,OEHL"
"Hail, Saudi Arabia",2024-07-01,100.4,84.5,93.8,95.8,81.5,89.5,37.3,14.1,0,0,0,,0,0,30.2,20.8,312.4,1008.5,0.1,6.2,327.5,28.4,10,10,2024-07-01T05:21:22,2024-07-01T19:12:38,0.84,Clear,Clear conditions throughout the day.,clear-day,"40394099999,OEHL"
"Hail, Saudi Arabia",2024-07-02,98.7,78.8,90.4,94.9,78.8,87.2,42.9,19.5,0,0,0,,0,0,23,13.9,335.3,1007.3,0,6.2,328,28.3,10,10,2024-07-02T05:21:44,2024-07-02T19:12:37,0.87,Clear,Clear conditions throughout the day.,clear-day,"40394099999,OEHL"
"Hail, Saudi Arabia",2024-07-03,98.9,77.3,90.2,94.4,77.3,86.8,40.6,18.1,0,0,0,,0,0,19.2,16.1,320.6,1008.4,0,6.2,328.8,28.3,10,10,2024-07-03T05:22:08,2024-07-03T19:12:35,0.91,Clear,Clear conditions throughout the day.,clear-day,"40394099999,OEHL"
"Hail, Saudi Arabia",2024-07-04,100.4,75.2,91.1,96.6,75.2,87.8,40.4,17.5,0,0,0,,0,0,25.5,18.3,340.8,1011.1,0,6.2,331.1,28.4,10,10,2024-07-04T05:22:32,2024-07-04T19:12:32,0.94,Clear,Clear conditions throughout the day.,clear-day,"40394099999,OEHL"
"Hail, Saudi Arabia",2024-07-05,102.2,78.8,92.7,96.9,78.8,88.6,34.6,13.6,0,0,0,,0,0,25.7,18.3,349.2,1010.8,0.4,6.2,333.9,28.7,10,10,2024-07-05T05:22:57,2024-07-05T19:12:27,0.98,Clear,Clear conditions throughout the day.,clear-day,"40394099999,OEHL"
"Hail, Saudi Arabia",2024-07-06,102.2,80.6,93.4,96.9,78.8,89.1,34.9,13.2,0,0,0,,0,0,17.7,18.3,337.4,1008.5,55.4,6.2,328.3,28.3,10,10,2024-07-06T05:23:22,2024-07-06T19:12:22,0,Partially cloudy,Partly cloudy throughout the day.,partly-cloudy-day,"40394099999,OEHL"
"Hail, Saudi Arabia",2024-07-07,105.8,77,94.6,100.8,77,90.6,38.8,15.2,0,0,0,,0,0,23,16.1,273.4,1007.9,0.9,6.2,326.8,28.3,10,10,2024-07-07T05:23:48,2024-07-07T19:12:14,0.05,Clear,Clear conditions throughout the day.,clear-day,"40394099999,OEHL"
"Hail, Saudi Arabia",2024-07-08,104,78.8,93.7,99.8,78.8,89.9,40.3,16,0,0,0,,0,0,17,13.9,260,1008.5,0.4,6.2,322.5,27.8,10,10,2024-07-08T05:24:14,2024-07-08T19:12:06,0.08,Clear,Clear conditions throughout the day.,clear-day,"40394099999,OEHL"
"Hail, Saudi Arabia",2024-07-09,105.8,82.4,95.7,101.2,80,91.7,41.2,15.6,0,0,0,,0,0,17,13.9,329.1,1009.3,13,6.2,322.7,27.9,10,10,2024-07-09T05:24:41,2024-07-09T19:11:56,0.11,Clear,Clear conditions throughout the day.,clear-day,"40394099999,OEHL"
"Hail, Saudi Arabia",2024-07-10,109.4,80.2,97.7,104.5,78.7,93.5,39.9,14,0,0,0,,0,0,22.4,18.3,239.7,1010.4,9,6.2,321.8,27.9,10,10,2024-07-10T05:25:09,2024-07-10T19:11:45,0.14,Clear,Clear conditions throughout the day.,clear-day,"40394099999,OEHL"
"Hail, Saudi Arabia",2024-07-11,107.6,82,97.8,102.9,80,93.4,39.9,14.3,0,0,0,,0,0,20.1,13.9,271.4,1011.9,24.6,6.2,315.7,27.1,10,10,2024-07-11T05:25:37,2024-07-11T19:11:32,0.18,Partially cloudy,Partly cloudy throughout the day.,partly-cloudy-day,"40394099999,OEHL"
"Hail, Saudi Arabia",2024-07-12,105.8,89.6,98.1,101.6,85.7,94,42.2,15,0,0,0,,0,0,20.8,18.3,351.7,1010.6,26.9,6.2,320.1,27.4,10,10,2024-07-12T05:26:06,2024-07-12T19:11:18,0.21,Partially cloudy,Partly cloudy throughout the day.,partly-cloudy-day,"40394099999,OEHL"
"Hail, Saudi Arabia",2024-07-13,102.2,87.7,95.9,98.8,84.1,91.9,42.5,16.1,0,0,0,,0,0,26.6,16.1,342.5,1009.8,17.5,6.2,320,27.5,10,10,2024-07-13T05:26:34,2024-07-13T19:11:03,0.24,Clear,Clear conditions throughout the day.,clear-day,"40394099999,OEHL"
"Hail, Saudi Arabia",2024-07-14,100.7,78.8,92.6,96.6,78.8,89.3,45.7,20.3,0,0,0,,0,0,21.7,13.9,344.5,1009.2,0,6.2,322.9,27.9,10,10,2024-07-14T05:27:04,2024-07-14T19:10:46,0.25,Clear,Clear conditions throughout the day.,clear-day,"40394099999,OEHL"
"Hail, Saudi Arabia",2024-07-15,100.4,78.6,90.3,98.5,78.6,88,48.7,24.3,0,0,0,,0,0,18.8,9.2,34.3,1009,0,6.2,322,27.8,10,10,2024-07-15T05:27:33,2024-07-15T19:10:28,0.3,Clear,Clear conditions throughout the day.,clear-day,"40394099999,OEHL"
"Hail, Saudi Arabia",2024-07-16,104,76.8,92.8,101.2,76.8,90,47.9,22.4,0,0,0,,0,0,18.8,9.2,40.7,1009.9,0,6.2,321.9,27.7,10,10,2024-07-16T05:28:04,2024-07-16T19:10:09,0.34,Clear,Clear conditions throughout the day.,clear-day,"40394099999,OEHL"
"Hail, Saudi Arabia",2024-07-17,105.8,78.4,94.7,101.6,78.4,91.2,43.3,17.7,0,0,0,,0,0,18.1,11.4,43,1010.9,0,6.2,321.6,27.7,10,10,2024-07-17T05:28:34,2024-07-17T19:09:48,0.37,Clear,Clear conditions throughout the day.,clear-day,"40394099999,OEHL"
"Hail, Saudi Arabia",2024-07-18,107.6,78.8,96.8,102.9,78.8,92.9,42,15.9,0,0,0,,0,0,20.1,13.9,346.6,1010.2,2.8,6.2,322,27.9,10,10,2024-07-18T05:29:04,2024-07-18T19:09:26,0.4,Clear,Clear conditions throughout the day.,clear-day,"40394099999,OEHL"
"Hail, Saudi Arabia",2024-07-19,109.5,82.4,97.2,105,80.6,93.5,45.3,18.3,0,0,0,,0,0,18.8,18.3,342.1,1007.6,1.8,6.2,321.1,27.6,10,10,2024-07-19T05:29:35,2024-07-19T19:09:02,0.43,Clear,Clear conditions throughout the day.,clear-day,"40394099999,OEHL"
"Hail, Saudi Arabia",2024-07-20,107.9,80.5,97.7,103.1,79.1,93.6,41.9,15.4,0,0,0,,0,0,24.2,13.9,287.6,1007.4,0.6,6.2,320.3,27.6,10,10,2024-07-20T05:30:06,2024-07-20T19:08:38,0.47,Clear,Clear conditions throughout the day.,clear-day,"40394099999,OEHL"
"Hail, Saudi Arabia",2024-07-21,105.6,80.6,95.2,102.3,79.1,91.8,44.6,17.9,0,0,0,,0,0,16.8,13.9,13.6,1009.6,1.8,6.2,322.4,27.9,10,10,2024-07-21T05:30:38,2024-07-21T19:08:11,0.5,Clear,Clear conditions throughout the day.,clear-day,"40394099999,OEHL"
"Hail, Saudi Arabia",2024-07-22,103.5,86,95.2,100.2,83.1,91.6,46.1,19.1,0,0,0,,0,0,24.2,13.9,339.9,1010.2,0.1,6.2,324.2,27.9,10,10,2024-07-22T05:31:09,2024-07-22T19:07:44,0.53,Clear,Clear conditions throughout the day.,clear-day,"40394099999,OEHL"
"Hail, Saudi Arabia",2024-07-23,102.2,77.3,93.1,98.4,77.3,89.8,43.9,18.6,0,0,0,,0,0,26.2,18.3,306.8,1010.2,0,6.2,323.3,27.9,10,10,2024-07-23T05:31:41,2024-07-23T19:07:15,0.57,Clear,Clear conditions throughout the day.,clear-day,"40394099999,OEHL"
"Hail, Saudi Arabia",2024-07-24,100.5,78.8,92.6,96.6,78.8,89.2,43.9,18.9,0,0,0,,0,0,23.7,18.3,299.2,1008,0,6.2,321.9,27.8,10,10,2024-07-24T05:32:13,2024-07-24T19:06:45,0.6,Clear,Clear conditions throughout the day.,clear-day,"40394099999,OEHL"
"Hail, Saudi Arabia",2024-07-25,100.4,78.8,89.4,96.3,78.8,86.7,46.1,23.6,0,0,0,,0,0,29.3,18.3,303.8,1006.8,0,6.2,325.8,28,10,10,2024-07-25T05:32:45,2024-07-25T19:06:14,0.64,Clear,Clear conditions throughout the day.,clear-day,"40394099999,OEHL"
"Hail, Saudi Arabia",2024-07-26,100.4,78.8,91,95.8,78.8,87.7,43.1,19.6,0,0,0,,0,0,23.7,18.3,336,1008.2,0,6.2,324.5,28,10,10,2024-07-26T05:33:17,2024-07-26T19:05:42,0.68,Clear,Clear conditions throughout the day.,clear-day,"40394099999,OEHL"
"Hail, Saudi Arabia",2024-07-27,102.5,75.3,91.8,98.1,75.3,88.7,40.1,16.8,0,0,0,,0,0,19.7,16.1,295.4,1009.8,16.7,6.2,324.1,27.9,10,10,2024-07-27T05:33:49,2024-07-27T19:05:08,0.71,Clear,Clear conditions throughout the day.,clear-day,"40394099999,OEHL"
"Hail, Saudi Arabia",2024-07-28,104,78.8,93.7,101.2,78.8,90.9,49.3,22.8,0,0,0,,0,0,26.6,20.8,321.2,1011,0.1,6.2,318,27.4,10,10,2024-07-28T05:34:21,2024-07-28T19:04:33,0.75,Clear,Clear conditions throughout the day.,clear-day,"40394099999,OEHL"
"Hail, Saudi Arabia",2024-07-29,100.4,84.2,93.2,97,81.7,89.8,46.3,20.3,0,0,0,,0,0,30,20.8,335.4,1008.1,16.7,6.2,324.2,27.9,10,10,2024-07-29T05:34:53,2024-07-29T19:03:56,0.78,Clear,Clear conditions throughout the day.,clear-day,"40394099999,OEHL"
"Hail, Saudi Arabia",2024-07-30,100.4,75.2,91.4,97,75.2,88.4,43,19.1,0,0,0,,0,0,24.2,16.1,304.3,1007.5,5.6,6.2,323.3,27.8,10,10,2024-07-30T05:35:25,2024-07-30T19:03:19,0.82,Clear,Clear conditions throughout the day.,clear-day,"40394099999,OEHL"
"Hail, Saudi Arabia",2024-07-31,102.3,77,93.7,98.5,77,90.4,45.6,20,0,0,0,,0,0,19.9,13.9,308,1009.6,49,6.2,308.9,26.9,10,10,2024-07-31T05:35:57,2024-07-31T19:02:40,0.85,Partially cloudy,Partly cloudy throughout the day.,partly-cloudy-day,"40394099999,OEHL"
"Hail, Saudi Arabia",2024-08-01,102.5,80.9,94.8,98.8,79.5,91.5,46.3,19.5,0,0,0,,0,0,21.3,16.1,307.3,1010.7,9.6,6.2,313,26.9,10,10,2024-08-01T05:36:29,2024-08-01T19:02:00,0.89,Clear,Clear conditions throughout the day.,clear-day,"40394099999,OEHL"
"Hail, Saudi Arabia",2024-08-02,103.8,82.2,94.4,101,80.4,91.2,47.6,20.6,0,0,0,,0,0,21.3,16.1,331.9,1009.8,0.1,6.2,316.3,27.5,10,10,2024-08-02T05:37:01,2024-08-02T19:01:19,0.93,Clear,Clear conditions throughout the day.,clear-day,"40394099999,OEHL"
"Hail, Saudi Arabia",2024-08-03,100.4,78.4,91.7,97.4,78.4,88.8,47.3,22.3,0,0,0,,0,0,21.7,16.1,329.9,1009.9,0.6,6.2,316.7,27.5,10,10,2024-08-03T05:37:33,2024-08-03T19:00:37,0.96,Clear,Clear conditions throughout the day.,clear-day,"40394099999,OEHL"
"Hail, Saudi Arabia",2024-08-04,98.2,78.8,89.9,94.2,78.8,86.6,43.5,20.2,0,0,0,,0,0,28.6,18.3,318.7,1010.8,0.2,6.2,320.4,27.7,10,10,2024-08-04T05:38:05,2024-08-04T18:59:54,0,Clear,Clear conditions throughout the day.,clear-day,"40394099999,OEHL"
"Hail, Saudi Arabia",2024-08-05,100.4,75.3,90,97,75.3,87.3,45.7,22.2,0,0,0,,0,0,27.5,18.3,317.6,1010.1,0,6.2,322.9,27.8,10,10,2024-08-05T05:38:37,2024-08-05T18:59:09,0.03,Clear,Clear conditions throughout the day.,clear-day,"40394099999,OEHL"
"Hail, Saudi Arabia",2024-08-06,102.5,77,91.7,100.4,77,89.3,48.8,24.2,0,0,0,,0,0,21.7,20.8,306.9,1009.7,2.6,6.2,314,27.2,10,10,2024-08-06T05:39:09,2024-08-06T18:58:24,0.06,Clear,Clear conditions throughout the day.,clear-day,"40394099999,OEHL"
"Hail, Saudi Arabia",2024-08-07,100.7,75.2,91.7,95.5,75.2,87.9,34.3,13.6,0,0,0,,0,0,21.3,11.4,338.4,1010.3,6.6,6.2,323.3,27.9,10,10,2024-08-07T05:39:40,2024-08-07T18:57:37,0.09,Clear,Clear conditions throughout the day.,clear-day,"40394099999,OEHL"
"Hail, Saudi Arabia",2024-08-08,102.2,76.6,92.5,97.5,76.6,88.7,36.2,14.4,0,0,0,,0,0,23,13.9,4,1011.6,1.5,6.2,317.5,27.6,10,10,2024-08-08T05:40:12,2024-08-08T18:56:50,0.13,Clear,Clear conditions throughout the day.,clear-day,"40394099999,OEHL"
"Hail, Saudi Arabia",2024-08-09,105.8,77,93.2,102,77,90.2,41.9,17.5,0,0,0,,0,0,23.5,16.1,337.1,1012.5,3.2,6.2,313.9,27.1,10,10,2024-08-09T05:40:43,2024-08-09T18:56:01,0.16,Clear,Clear conditions throughout the day.,clear-day,"40394099999,OEHL"
"Hail, Saudi Arabia",2024-08-10,104.3,79.1,94.8,100.7,79.1,91.2,42.9,17,0,0,0,,0,0,22.6,13.9,355.9,1012.6,10.3,6.2,313,26.9,10,10,2024-08-10T05:41:15,2024-08-10T18:55:11,0.19,Clear,Clear conditions throughout the day.,clear-day,"40394099999,OEHL"
"Hail, Saudi Arabia",2024-08-11,104,84,95.3,100.7,81.3,91.8,44.6,17.7,0,0,0,,0,0,22.8,16.1,10.7,1011.4,34.3,6.2,314.5,27.1,10,10,2024-08-11T05:41:46,2024-08-11T18:54:21,0.23,Partially cloudy,Clearing in the afternoon.,partly-cloudy-day,"40394099999,OEHL"
"Hail, Saudi Arabia",2024-08-12,105.7,82.3,94.7,103.5,80.7,92,49.6,22.2,0,0,0,,0,0,19.7,9.2,38,1010.3,1,6.2,313.7,27.1,10,10,2024-08-12T05:42:17,2024-08-12T18:53:29,0.25,Clear,Clear conditions throughout the day.,clear-day,OEHL
"Hail, Saudi Arabia",2024-08-13,107.6,82.4,95.7,104.2,80.6,92.9,48.9,21.2,0,0,0,,0,0,19.2,11.4,27.8,1010.3,3,6.2,311,26.8,10,10,2024-08-13T05:42:47,2024-08-13T18:52:36,0.29,Clear,Clear conditions throughout the day.,clear-day,"40394099999,OEHL"
"Hail, Saudi Arabia",2024-08-14,106.1,87.4,97.8,102,84.2,93.9,45.2,17.3,0,0,0,,0,0,20.4,11.4,27.7,1011,6,6.2,311.6,26.9,10,10,2024-08-14T05:43:18,2024-08-14T18:51:43,0.32,Clear,Clear conditions throughout the day.,clear-day,"40394099999,OEHL"
"Hail, Saudi Arabia",2024-08-15,109.4,85.6,99.2,106,82.6,95.5,45.1,16.2,0,0,0,,0,0,23,13.9,79.9,1011.2,32.6,6.2,294.1,25.5,10,10,2024-08-15T05:43:49,2024-08-15T18:50:49,0.36,Partially cloudy,Partly cloudy throughout the day.,partly-cloudy-day,"40394099999,OEHL"
"Hail, Saudi Arabia",2024-08-16,109.5,85.6,99.6,105,82.6,96,45.3,16.2,0,0,0,,0,0,25.3,20.8,305.8,1008.2,36.8,6.2,280,24.1,9,10,2024-08-16T05:44:19,2024-08-16T18:49:53,0.39,Partially cloudy,Partly cloudy throughout the day.,partly-cloudy-day,"40394099999,OEHL"
"Hail, Saudi Arabia",2024-08-17,107.6,89.9,99,103.7,86.3,95.1,45.2,16.4,0,0,0,,0,0,19.7,11.4,4,1007.3,12.2,6.2,310.4,26.8,10,10,2024-08-17T05:44:49,2024-08-17T18:48:57,0.42,Clear,Clear conditions throughout the day.,clear-day,"40394099999,OEHL"
"Hail, Saudi Arabia",2024-08-18,107.6,89.4,98.4,104.8,86.5,95,47.8,18.5,0,0,0,,0,0,16.6,23,13.2,1009.5,8.5,6.2,302,26,10,10,2024-08-18T05:45:19,2024-08-18T18:48:00,0.45,Clear,Clear conditions throughout the day.,clear-day,"40394099999,OEHL"
"Hail, Saudi Arabia",2024-08-19,107.9,89.6,99.3,102.9,86.1,95.3,44.6,16,0,0,0,,0,0,19.7,11.4,3.1,1011.7,7.1,6.2,297.2,25.6,10,10,2024-08-19T05:45:49,2024-08-19T18:47:03,0.5,Clear,Clear conditions throughout the day.,clear-day,"40394099999,OEHL"
"Hail, Saudi Arabia",2024-08-20,105.9,89.5,97.9,101.2,86,93.5,41.4,14.8,0,0,0,,0,0,19.9,18.3,18.3,1011.6,6.1,6.2,309.5,26.8,10,10,2024-08-20T05:46:19,2024-08-20T18:46:04,0.52,Clear,Clear conditions throughout the day.,clear-day,"40394099999,OEHL"
"Hail, Saudi Arabia",2024-08-21,107.7,87.4,97.3,103.4,83.9,93.1,40.9,14.6,0,0,0,,0,0,22.8,11.4,64.4,1010.1,7.2,6.2,304.7,26.1,10,10,2024-08-21T05:46:48,2024-08-21T18:45:05,0.56,Clear,Clear conditions throughout the day.,clear-day,"40394099999,OEHL"
"Hail, Saudi Arabia",2024-08-22,107.9,86.1,96.6,104,82.9,93.3,46.2,18.7,0.004,100,4.17,rain,0,0,23,20.8,192,1010.1,33.2,6.2,262,22.6,9,10,2024-08-22T05:47:18,2024-08-22T18:44:05,0.59,"Rain, Partially cloudy",Partly cloudy throughout the day with late afternoon rain.,rain,"40394099999,OEHL"
"Hail, Saudi Arabia",2024-08-23,109.4,86,98.5,106.6,83.9,96,51.1,21.8,0,0,0,,0,0,30.2,11.4,257.4,1011.2,23.6,6.2,302.1,26.1,10,10,2024-08-23T05:47:47,2024-08-23T18:43:04,0.63,Partially cloudy,Partly cloudy throughout the day.,partly-cloudy-day,"40394099999,OEHL"
"Hail, Saudi Arabia",2024-08-24,109.4,89.7,99.1,105.4,86.2,95.3,45.7,16.6,0,0,0,,0,0,16.3,11.4,37.3,1010.8,15.7,6.2,296,25.6,10,10,2024-08-24T05:48:16,2024-08-24T18:42:03,0.66,Clear,Clear conditions throughout the day.,clear-day,"40394099999,OEHL"
"Hail, Saudi Arabia",2024-08-25,107.6,82.4,97.1,103.3,80.8,93.5,46.3,18.6,0,0,0,,0,0,17.2,23,39.7,1010.8,14.5,6.2,297.1,25.7,10,10,2024-08-25T05:48:45,2024-08-25T18:41:01,0.7,Clear,Clear conditions throughout the day.,clear-day,"40394099999,OEHL"
"Hail, Saudi Arabia",2024-08-26,107.6,84.5,97.9,103.3,81.7,94.1,44.4,16.6,0,0,0,,0,0,17.4,11.4,33.1,1011.5,27,6.2,269.2,23.3,9,10,2024-08-26T05:49:13,2024-08-26T18:39:58,0.75,Partially cloudy,Partly cloudy throughout the day.,partly-cloudy-day,"40394099999,OEHL"
"Hail, Saudi Arabia",2024-08-27,105.8,87.8,97.9,103,84.9,94.6,48.3,19.1,0,0,0,,0,0,19,18.3,352.5,1012.2,26.8,6.2,266.5,23,8,10,2024-08-27T05:49:42,2024-08-27T18:38:55,0.77,Partially cloudy,Becoming cloudy in the afternoon.,partly-cloudy-day,"40394099999,OEHL"
"Hail, Saudi Arabia",2024-08-28,105.9,89.9,97.5,103.7,87,94.7,50.3,20.7,0,0,0,,0,0,21.5,16.1,20.6,1013.7,13.4,6.2,292.1,25.4,9,10,2024-08-28T05:50:10,2024-08-28T18:37:51,0.8,Clear,Clear conditions throughout the day.,clear-day,"40394099999,OEHL"
"Hail, Saudi Arabia",2024-08-29,104,86.3,95.1,99.8,83.1,91.4,45,18.5,0,0,0,,0,0,24.8,18.3,355.6,1014,0,6.2,293.4,25.4,10,10,2024-08-29T05:50:38,2024-08-29T18:36:47,0.84,Clear,Clear conditions throughout the day.,clear-day,"40394099999,OEHL"
"Hail, Saudi Arabia",2024-08-30,102.2,84,92.3,100.4,81.5,89.4,47.7,21.8,0,0,0,,0,0,25.7,16.1,344.4,1013.3,0,6.2,296.9,25.7,10,10,2024-08-30T05:51:06,2024-08-30T18:35:42,0.87,Clear,Clear conditions throughout the day.,clear-day,"40394099999,OEHL"
"Hail, Saudi Arabia",2024-08-31,100,77,89.4,98.7,77,87.3,49.4,25.5,0,0,0,,0,0,20.8,11.4,356.3,1013.2,0.1,6.2,296.8,25.6,10,10,2024-08-31T05:51:34,2024-08-31T18:34:36,0.91,Clear,Clear conditions throughout the day.,clear-day,"40394099999,OEHL"
"Hail, Saudi Arabia",2024-09-01,98.6,80.6,89,95.2,79.6,86.5,48.8,25.7,0,0,0,,0,0,19.5,13.9,20.4,1014,0.7,6.2,294.9,25.4,10,10,2024-09-01T05:52:02,2024-09-01T18:33:31,0.94,Clear,Clear conditions throughout the day.,clear-day,"40394099999,OEHL"
"Hail, Saudi Arabia",2024-09-02,98.9,75,88.9,94.9,75,86.1,44.7,22.1,0,0,0,,0,0,22.4,16.1,28.8,1016,0,6.2,292.8,25.3,9,10,2024-09-02T05:52:30,2024-09-02T18:32:24,0.98,Clear,Clear conditions throughout the day.,clear-day,"40394099999,OEHL"
"Hail, Saudi Arabia",2024-09-03,100.7,76.6,90.2,97.9,76.6,87.9,49,24.9,0,0,0,,0,0,20.4,11.4,34.1,1015.3,3.6,6.2,290,25.2,9,10,2024-09-03T05:52:58,2024-09-03T18:31:17,0,Clear,Clear conditions throughout the day.,clear-day,"40394099999,OEHL"
"Hail, Saudi Arabia",2024-09-04,100.4,75,89.9,97.4,75,87.5,48.3,24.6,0,0,0,,0,0,17.9,11.4,63,1014,13.4,6.2,281.4,24.3,9,10,2024-09-04T05:53:25,2024-09-04T18:30:10,0.04,Clear,Clear conditions throughout the day.,clear-day,"40394099999,OEHL"
"Hail, Saudi Arabia",2024-09-05,103.6,77,91.6,100.3,77,89.2,47.8,22.9,0,0,0,,0,0,22.6,13.9,180.9,1011.6,22.4,6.2,255.3,22.2,9,10,2024-09-05T05:53:53,2024-09-05T18:29:03,0.08,Partially cloudy,Partly cloudy throughout the day.,partly-cloudy-day,"40394099999,OEHL"
"Hail, Saudi Arabia",2024-09-06,104.7,86,95.6,101.7,83.4,92.6,48.7,20.8,0,0,0,,0,0,16.8,13.9,244.2,1011.3,26,6.2,264.5,22.7,9,10,2024-09-06T05:54:20,2024-09-06T18:27:55,0.11,Partially cloudy,Partly cloudy throughout the day.,partly-cloudy-day,"40394099999,OEHL"
"Hail, Saudi Arabia",2024-09-07,104.1,82.4,93.9,99.8,80.5,90.5,45.6,19.7,0,0,0,,0,0,23,11.4,30.1,1012.4,18.5,6.2,285.9,24.7,9,10,2024-09-07T05:54:47,2024-09-07T18:26:47,0.14,Clear,Clear conditions throughout the day.,clear-day,"40394099999,OEHL"
"Hail, Saudi Arabia",2024-09-08,104.3,84,95.3,100.1,81.6,91.5,43.9,17.6,0,0,0,,0,0,19.5,13.9,293,1012.1,6.3,6.2,287.2,24.9,9,10,2024-09-08T05:55:15,2024-09-08T18:25:38,0.18,Clear,Clear conditions throughout the day.,clear-day,"40394099999,OEHL"
"Hail, Saudi Arabia",2024-09-09,104,78.8,93.9,99.8,78.8,90.6,44,18.4,0,0,0,,0,0,14.8,13.9,133,1012.7,34.4,6.2,270.1,23.3,9,10,2024-09-09T05:55:42,2024-09-09T18:24:29,0.21,Partially cloudy,Becoming cloudy in the afternoon.,partly-cloudy-day,"40394099999,OEHL"
"Hail, Saudi Arabia",2024-09-10,104,86,95.2,99.9,83.1,91.4,44.4,17.9,0,0,0,,0,0,15.9,9.2,42.9,1013,47,6.2,248.4,21.3,9,10,2024-09-10T05:56:09,2024-09-10T18:23:20,0.24,Partially cloudy,Partly cloudy throughout the day.,partly-cloudy-day,"40394099999,OEHL"
"Hail, Saudi Arabia",2024-09-11,105.6,75.5,93.2,101.4,75.5,90.1,42.4,17.9,0,0,0,,0,0,16.6,11.4,51,1013.5,17.1,6.2,263.7,22.8,9,10,2024-09-11T05:56:36,2024-09-11T18:22:11,0.25,Clear,Clear conditions throughout the day.,clear-day,"40394099999,OEHL"
"Hail, Saudi Arabia",2024-09-12,105.6,84,96.1,101.4,81.5,92.3,44.3,17.5,0,0,0,,0,0,18.1,9.2,74.8,1013.9,34.8,6.2,248.2,21.4,9,10,2024-09-12T05:57:03,2024-09-12T18:21:02,0.31,Partially cloudy,Partly cloudy throughout the day.,partly-cloudy-day,"40394099999,OEHL"
"Hail, Saudi Arabia",2024-09-13,105.7,84.2,95.3,101.1,81.7,91.6,44.9,18.6,0,0,0,,0,0,23,16.1,329.4,1012.3,30.8,6.2,268.6,23.1,9,10,2024-09-13T05:57:30,2024-09-13T18:19:52,0.34,Partially cloudy,Partly cloudy throughout the day.,partly-cloudy-day,"40394099999,OEHL"
"Hail, Saudi Arabia",2024-09-14,100.7,77,90.8,96.9,77,87.8,46.3,22.4,0,0,0,,0,0,18.3,13.9,33.9,1011.5,0,6.2,277.8,23.9,9,10,2024-09-14T05:57:57,2024-09-14T18:18:42,0.38,Clear,Clear conditions throughout the day.,clear-day,"40394099999,OEHL"
"Hail, Saudi Arabia",2024-09-15,102.2,75.2,89.5,97.8,75.2,86.7,45.5,23.1,0,0,0,,0,0,19.5,16.1,331.2,1011.1,0,6.2,278.1,23.9,9,10,2024-09-15T05:58:25,2024-09-15T18:17:32,0.41,Clear,Clear conditions throughout the day.,clear-day,"40394099999,OEHL"
"Hail, Saudi Arabia",2024-09-16,96.8,77.3,87,95.2,77.3,85.3,51.9,30.4,0,0,0,,0,0,17,9.2,27.6,1012.8,0,6.2,276.7,23.9,9,10,2024-09-16T05:58:52,2024-09-16T18:16:22,0.44,Clear,Clear conditions throughout the day.,clear-day,"40394099999,OEHL"
"Hail, Saudi Arabia",2024-09-17,95,77,85.8,92.7,77,84.3,52.6,32.3,0,0,0,,0,0,18.6,11.4,38.2,1016,0,6.2,272.5,23.5,9,10,2024-09-17T05:59:19,2024-09-17T18:15:12,0.48,Clear,Clear conditions throughout the day.,clear-day,"40394099999,OEHL"
"Hail, Saudi Arabia",2024-09-18,95.1,77.1,86.2,92,77.1,84.3,49.9,29.2,0,0,0,,0,0,20.1,11.4,49,1016.1,0.1,6.2,270.6,23.4,9,10,2024-09-18T05:59:46,2024-09-18T18:14:02,0.5,Clear,Clear conditions throughout the day.,clear-day,"40394099999,OEHL"
"Hail, Saudi Arabia",2024-09-19,98.6,73.2,87.1,94.9,73.2,84.7,44.1,22.9,0,0,0,,0,0,21.9,13.9,96.4,1014.2,1,6.2,271.4,23.4,9,10,2024-09-19T06:00:14,2024-09-19T18:12:52,0.54,Clear,Clear conditions throughout the day.,clear-day,"40394099999,OEHL"
"Hail, Saudi Arabia",2024-09-20,95.3,78.8,86.5,92.2,78.8,84.2,47.1,25.8,0,0,0,,0,0,21.5,11.4,19.7,1015.3,0,6.2,271.9,23.4,9,10,2024-09-20T06:00:41,2024-09-20T18:11:42,0.58,Clear,Clear conditions throughout the day.,clear-day,"40394099999,OEHL"
"Hail, Saudi Arabia",2024-09-21,95,71.6,85.3,91.6,71.6,83.2,48.1,28.4,0,0,0,,0,0,16.8,11.4,38.8,1015.5,0,6.2,271,23.4,9,10,2024-09-21T06:01:09,2024-09-21T18:10:32,0.61,Clear,Clear conditions throughout the day.,clear-day,"40394099999,OEHL"
"Hail, Saudi Arabia",2024-09-22,100,71.4,86.7,96,71.4,84.6,46.5,25.8,0,0,0,,0,0,18.8,13.9,263.9,1014.5,0,6.2,269.2,23.1,9,10,2024-09-22T06:01:36,2024-09-22T18:09:22,0.65,Clear,Clear conditions throughout the day.,clear-day,"40394099999,OEHL"
"Hail, Saudi Arabia",2024-09-23,102.2,76.6,88.1,98.1,76.6,85.7,47.4,26.9,0,0,0,,0,0,24.2,13.9,106.8,1014.3,0,6.2,268.1,23.1,9,10,2024-09-23T06:02:04,2024-09-23T18:08:12,0.68,Clear,Clear conditions throughout the day.,clear-day,"40394099999,OEHL"
"Hail, Saudi Arabia",2024-09-24,102.2,75.2,89.8,97.5,75.2,86.8,39.9,18.2,0,0,0,,0,0,24.8,13.9,206.9,1014.3,0.1,6.2,267.7,23.1,9,10,2024-09-24T06:02:32,2024-09-24T18:07:02,0.75,Clear,Clear conditions throughout the day.,clear-day,"40394099999,OEHL"
"Hail, Saudi Arabia",2024-09-25,102.2,73.4,88.9,97.5,73.4,86,40.5,19,0,0,0,,0,0,19.2,13.9,156.5,1015.3,0,6.2,266.8,23.1,9,10,2024-09-25T06:03:00,2024-09-25T18:05:53,0.75,Clear,Clear conditions throughout the day.,clear-day,"40394099999,OEHL"
"Hail, Saudi Arabia",2024-09-26,102.3,73.4,89,98.2,73.4,86.3,43.4,21.5,0,0,0,,0,0,19.2,13.9,203.3,1014.3,0,6.2,265.4,23.1,9,10,2024-09-26T06:03:28,2024-09-26T18:04:43,0.78,Clear,Clear conditions throughout the day.,clear-day,"40394099999,OEHL"
"Hail, Saudi Arabia",2024-09-27,102.3,73.4,90,97.9,73.4,87.1,42.3,20.4,0,0,0,,0,0,22.1,13.9,266,1013.2,0,6.2,264.1,23,9,10,2024-09-27T06:03:57,2024-09-27T18:03:34,0.82,Clear,Clear conditions throughout the day.,clear-day,"40394099999,OEHL"
"Hail, Saudi Arabia",2024-09-28,100.4,77,89.6,96,77,86.4,42.5,20.2,0,0,0,,0,0,21.3,13.9,345.6,1012.8,0,6.2,263.9,23,9,10,2024-09-28T06:04:25,2024-09-28T18:02:25,0.85,Clear,Clear conditions throughout the day.,clear-day,"40394099999,OEHL"
"Hail, Saudi Arabia",2024-09-29,100.4,69.4,86.4,95.4,69.4,83.7,38.7,19.5,0,0,0,,0,0,16.6,11.4,234.7,1012.3,0,6.2,262.8,22.6,9,10,2024-09-29T06:04:54,2024-09-29T18:01:16,0.88,Clear,Clear conditions throughout the day.,clear-day,"40394099999,OEHL"
"Hail, Saudi Arabia",2024-09-30,100.4,71.2,87.4,95.6,71.2,84.5,37.4,17.7,0,0,0,,0,0,21.5,18.3,236.6,1011.1,0,6.2,260.2,22.5,9,10,2024-09-30T06:05:23,2024-09-30T18:00:08,0.92,Clear,Clear conditions throughout the day.,clear-day,"40394099999,OEHL"
"Hail, Saudi Arabia",2024-10-01,93.2,68,83.3,88.9,68,81,38.5,21.1,0,0,0,,0,0,15,13.9,276.3,1011.8,0,6.2,264,22.8,9,10,2024-10-01T06:05:52,2024-10-01T17:59:00,0.95,Clear,Clear conditions throughout the day.,clear-day,"40394099999,OEHL"
"Hail, Saudi Arabia",2024-10-02,95,64.5,81.7,90.9,64.5,79.7,39.3,22.6,0,0,0,,0,0,16.6,11.4,65.4,1014.7,0,6.2,262.7,22.6,9,10,2024-10-02T06:06:22,2024-10-02T17:57:52,0,Clear,Clear conditions throughout the day.,clear-day,"40394099999,OEHL"
"Hail, Saudi Arabia",2024-10-03,95,69.8,83.5,90.7,69.8,81.5,43.4,25.5,0,0,0,,0,0,23,16.1,90,1017.1,0,6.2,256.4,22.1,9,10,2024-10-03T06:06:52,2024-10-03T17:56:44,0.02,Clear,Clear conditions throughout the day.,clear-day,"40394099999,OEHL"
"Hail, Saudi Arabia",2024-10-04,98.2,69.8,84.5,94.5,69.8,82.5,44.8,26.1,0,0,0,,0,0,22.6,11.4,128,1016.5,0.1,6.2,254.4,22,9,10,2024-10-04T06:07:22,2024-10-04T17:55:37,0.05,Clear,Clear conditions throughout the day.,clear-day,"40394099999,OEHL"
"Hail, Saudi Arabia",2024-10-05,96.8,69.8,84.2,92,69.8,82,42.4,24.5,0,0,0,,0,0,21,11.4,91.9,1015,0,6.2,252.5,21.6,9,10,2024-10-05T06:07:52,2024-10-05T17:54:31,0.09,Clear,Clear conditions throughout the day.,clear-day,"40394099999,OEHL"
"Hail, Saudi Arabia",2024-10-06,96.8,68,84,92.4,68,81.8,41.9,23.8,0,0,0,,0,0,24.2,16.1,117.2,1015.2,0,6.2,251.8,21.5,9,10,2024-10-06T06:08:23,2024-10-06T17:53:25,0.12,Clear,Clear conditions throughout the day.,clear-day,"40394099999,OEHL"
"Hail, Saudi Arabia",2024-10-07,98.2,67.6,84.8,93.7,67.6,82.4,41.2,22.6,0,0,0,,0,0,25.3,18.3,135.3,1016.9,0,6.2,249.5,21.5,9,10,2024-10-07T06:08:54,2024-10-07T17:52:19,0.16,Clear,Clear conditions throughout the day.,clear-day,"40394099999,OEHL"
"Hail, Saudi Arabia",2024-10-08,98.6,68.3,85.6,94.3,68.3,83.1,38.3,19.5,0,0,0,,0,0,24.8,16.1,207.9,1017.8,0.2,6.2,249.3,21.4,9,10,2024-10-08T06:09:25,2024-10-08T17:51:14,0.19,Clear,Clear conditions throughout the day.,clear-day,"40394099999,OEHL"
"Hail, Saudi Arabia",2024-10-09,97.1,69.8,84.3,92.3,69.8,81.9,37.3,19.5,0,0,0,,0,0,19.2,11.4,268,1016.9,0,6.2,246.9,21.4,8,10,2024-10-09T06:09:56,2024-10-09T17:50:09,0.22,Clear,Clear conditions throughout the day.,clear-day,"40394099999,OEHL"
"Hail, Saudi Arabia",2024-10-10,96.8,66.3,84.2,92.1,66.3,81.7,34.8,18.1,0,0,0,,0,0,18.1,16.1,239.5,1014.5,0,6.2,248.3,21.4,9,10,2024-10-10T06:10:28,2024-10-10T17:49:05,0.25,Clear,Clear conditions throughout the day.,clear-day,"40394099999,OEHL"
"Hail, Saudi Arabia",2024-10-11,93.2,68,82.2,88.8,68,79.9,35.4,19.7,0,0,0,,0,0,21.3,20.8,291.7,1014.1,0,6.2,248.7,21.4,9,10,2024-10-11T06:11:01,2024-10-11T17:48:02,0.29,Clear,Clear conditions throughout the day.,clear-day,"40394099999,OEHL"
"Hail, Saudi Arabia",2024-10-12,93.5,64.7,80.9,89,64.7,78.9,33.1,18.2,0,0,0,,0,0,17,11.4,180.3,1015.2,0,6.2,245.7,21.4,8,10,2024-10-12T06:11:33,2024-10-12T17:46:59,0.33,Clear,Clear conditions throughout the day.,clear-day,"40394099999,OEHL"
"Hail, Saudi Arabia",2024-10-13,93.2,62.6,79.5,88.8,62.6,77.5,32.8,19.2,0,0,0,,0,0,14.3,6.9,173.5,1016,0,6.2,240.8,20.8,8,10,2024-10-13T06:12:06,2024-10-13T17:45:57,0.36,Clear,Clear conditions throughout the day.,clear-day,"40394099999,OEHL"
"Hail, Saudi Arabia",2024-10-14,93.2,62.4,79.6,88.8,62.4,77.6,33.1,19.1,0,0,0,,0,0,12.5,6.9,143.1,1016,0,6.2,242.6,20.9,8,10,2024-10-14T06:12:40,2024-10-14T17:44:55,0.39,Clear,Clear conditions throughout the day.,clear-day,"40394099999,OEHL"
"Hail, Saudi Arabia",2024-10-15,93.3,64.2,80.5,88.8,64.2,78.5,34.7,20,0,0,0,,0,0,20.4,13.9,84,1016.4,0,6.2,241.4,20.8,8,10,2024-10-15T06:13:14,2024-10-15T17:43:55,0.43,Clear,Clear conditions throughout the day.,clear-day,"40394099999,OEHL"
"Hail, Saudi Arabia",2024-10-16,96.6,69.8,82.9,91.9,69.8,80.8,34.4,18.3,0,0,0,,0,0,26.2,13.9,208.2,1016.4,3.5,6.2,228.3,19.7,8,10,2024-10-16T06:13:48,2024-10-16T17:42:55,0.46,Clear,Clear conditions throughout the day.,clear-day,"40394099999,OEHL"
"Hail, Saudi Arabia",2024-10-17,91.4,64.4,79.1,87.2,64.4,77.4,32.5,18.8,0,0,0,,0,0,19.7,16.1,231.2,1015.1,0,6.2,238.9,20.5,8,10,2024-10-17T06:14:22,2024-10-17T17:41:55,0.5,Clear,Clear conditions throughout the day.,clear-day,"40394099999,OEHL"
"Hail, Saudi Arabia",2024-10-18,91.4,60.8,77.1,87.2,60.8,75.6,36.3,23.7,0,0,0,,0,0,24.2,18.3,233.6,1014.6,1.8,6.2,238.3,20.6,8,10,2024-10-18T06:14:58,2024-10-18T17:40:57,0.53,Clear,Clear conditions throughout the day.,clear-day,"40394099999,OEHL"
"Hail, Saudi Arabia",2024-10-19,93.5,64.4,80.5,89.1,64.4,78.6,38.8,23.7,0,0,0,,0,0,23.7,20.8,256.6,1015.8,22.4,6.2,226.1,19.6,8,10,2024-10-19T06:15:33,2024-10-19T17:39:59,0.56,Partially cloudy,Partly cloudy throughout the day.,partly-cloudy-day,"40394099999,OEHL"
"Hail, Saudi Arabia",2024-10-20,86,68,76.6,83.2,68,75.9,44.3,32.1,0,0,0,,0,0,20.4,11.4,50.5,1019.5,1.3,6.2,230.2,19.9,8,10,2024-10-20T06:16:09,2024-10-20T17:39:03,0.6,Clear,Clear conditions throughout the day.,clear-day,"40394099999,OEHL"
"Hail, Saudi Arabia",2024-10-21,84.5,62.6,72.6,81.8,62.6,72.1,38,28.9,0,0,0,,0,0,27.3,16.1,81.2,1019.3,3.2,6.2,222,19.2,8,10,2024-10-21T06:16:45,2024-10-21T17:38:07,0.63,Clear,Clear conditions throughout the day.,clear-day,"40394099999,OEHL"
"Hail, Saudi Arabia",2024-10-22,84.2,59,70.2,81.3,59,69.9,30.3,23.3,0,0,0,,0,0,21.5,47.2,64.4,1017,0,6.2,229.9,19.8,8,10,2024-10-22T06:17:22,2024-10-22T17:37:12,0.66,Clear,Clear conditions throughout the day.,wind,"40394099999,OEHL"
"Hail, Saudi Arabia",2024-10-23,74.8,57.2,65.1,74.8,57.2,65.1,27.5,24.6,0,0,0,,0,0,22.6,16.1,62.9,1018.7,0,6.2,230.1,19.8,8,10,2024-10-23T06:17:59,2024-10-23T17:36:18,0.7,Clear,Clear conditions throughout the day.,clear-day,"40394099999,OEHL"
"Hail, Saudi Arabia",2024-10-24,71.6,55,62.9,71.6,55,62.9,27.7,26.5,0,0,0,,0,0,24.4,16.1,54.2,1020.5,0,6.2,228.3,19.8,8,10,2024-10-24T06:18:37,2024-10-24T17:35:25,0.75,Clear,Clear conditions throughout the day.,clear-day,"40394099999,OEHL"
"Hail, Saudi Arabia",2024-10-25,73.4,53.4,62.5,73.4,53.4,62.5,29.2,29.2,0.352,100,66.67,rain,0,0,30.9,18.3,94.8,1021.4,30.4,6.2,177.6,15.2,6,10,2024-10-25T06:19:15,2024-10-25T17:34:33,0.76,"Rain, Partially cloudy",Partly cloudy throughout the day with rain.,rain,"40394099999,OEHL"
"Hail, Saudi Arabia",2024-10-26,60.6,53.2,57.1,60.6,53.2,57.1,53.5,88.7,1.476,100,54.17,rain,0,0,25.1,11.4,140.9,1021.3,72.8,5.7,175.1,15.2,7,10,2024-10-26T06:19:54,2024-10-26T17:33:42,0.8,"Rain, Partially cloudy",Partly cloudy throughout the day with a chance of rain throughout the day.,rain,"40394099999,OEHL"
"Hail, Saudi Arabia",2024-10-27,75.2,57.2,65.2,75.2,57.2,65.2,61.1,87.9,0.036,100,33.33,rain,0,0,16.8,13.9,185.2,1020.9,27.3,6.2,187.9,16,7,10,2024-10-27T06:20:33,2024-10-27T17:32:52,0.83,"Rain, Partially cloudy",Partly cloudy throughout the day with rain.,rain,"40394099999,OEHL"
"Hail, Saudi Arabia",2024-10-28,73.4,62.6,66.8,73.4,62.6,66.8,63.4,89.6,0.02,100,16.67,rain,0,0,19.5,11.4,87.6,1020,56.4,6.1,204.7,17.6,8,10,2024-10-28T06:21:12,2024-10-28T17:32:03,0.86,"Rain, Partially cloudy",Partly cloudy throughout the day with rain.,rain,"40394099999,OEHL"
"Hail, Saudi Arabia",2024-10-29,77,60.6,67.1,77,60.6,67.1,58.4,76.2,0,0,0,,0,0,18.6,13.9,119.9,1017.7,35.5,6.2,197.7,17.1,7,10,2024-10-29T06:21:52,2024-10-29T17:31:15,0.9,Partially cloudy,Clearing in the afternoon.,partly-cloudy-day,"40394099999,OEHL"
"Hail, Saudi Arabia",2024-10-30,84.2,60.8,71.5,82.2,60.8,71.1,54.2,60.4,0.004,100,4.17,rain,0,0,23.5,18.3,240.5,1014.6,21.6,6.2,200.6,17.3,8,10,2024-10-30T06:22:32,2024-10-30T17:30:29,0.93,"Rain, Partially cloudy",Partly cloudy throughout the day with afternoon rain.,rain,"40394099999,OEHL"
"Hail, Saudi Arabia",2024-10-31,82.4,60.8,69.9,82.5,60.8,69.9,58.9,70.8,0.02,100,12.5,rain,0,0,21.3,34.4,208.2,1015.2,35.2,6.2,209.2,18,8,30,2024-10-31T06:23:13,2024-10-31T17:29:43,0.96,"Rain, Partially cloudy",Becoming cloudy in the afternoon with late afternoon rain.,rain,"40394099999,OEHL"
"Hail, Saudi Arabia",2024-11-01,75.2,59,65.5,75.2,59,65.5,59.1,81.3,0.571,100,25,rain,0,0,26.8,16.1,199.9,1017.9,53.8,6.2,133.5,11.3,6,10,2024-11-01T06:23:54,2024-11-01T17:28:59,0,"Rain, Partially cloudy",Partly cloudy throughout the day with rain.,rain,"40394099999,OEHL"
"Hail, Saudi Arabia",2024-11-02,82.7,59,69.9,83.1,59,70.1,61.8,78.4,0,0,0,rain,0,0,27.3,18.3,196.8,1018.7,33.2,6.2,198.6,17.3,7,10,2024-11-02T06:24:36,2024-11-02T17:28:16,0.03,Partially cloudy,Partly cloudy throughout the day.,partly-cloudy-day,"40394099999,OEHL"
"Hail, Saudi Arabia",2024-11-03,84,62.2,70.8,84.3,62.2,71,63.7,81,0.091,100,16.67,rain,0,0,23.5,16.1,221.8,1018.2,39.2,6.2,191,16.4,7,10,2024-11-03T06:25:18,2024-11-03T17:27:34,0.06,"Rain, Partially cloudy",Becoming cloudy in the afternoon with rain.,rain,"40394099999,OEHL"
"Hail, Saudi Arabia",2024-11-04,80.9,62.6,70.2,81.1,62.6,70.3,63.3,81.7,0.02,100,8.33,rain,0,0,13.9,16.1,19.8,1017.6,33.8,6.2,183.5,15.8,7,10,2024-11-04T06:26:01,2024-11-04T17:26:53,0.1,"Rain, Partially cloudy",Partly cloudy throughout the day with rain.,rain,"40394099999,OEHL"
"Hail, Saudi Arabia",2024-11-05,69.8,60.8,65.2,69.8,60.8,65.2,62.2,90.4,0.087,100,16.67,rain,0,0,21.7,18.3,70.1,1019.8,49.4,5.8,145.4,12.5,6,10,2024-11-05T06:26:43,2024-11-05T17:26:14,0.13,"Rain, Partially cloudy",Partly cloudy throughout the day with rain in the morning and afternoon.,rain,"40394099999,OEHL"
"Hail, Saudi Arabia",2024-11-06,78.4,57.2,66.3,78.4,57.2,66.3,56.4,72.2,0,0,0,,0,0,24.6,13.9,98.3,1022,33.1,6.2,199.4,17.1,7,10,2024-11-06T06:27:27,2024-11-06T17:25:36,0.17,Partially cloudy,Partly cloudy throughout the day.,partly-cloudy-day,"40394099999,OEHL"
"Hail, Saudi Arabia",2024-11-07,78.8,57.2,67,78.8,57.2,67,53.5,63.1,0.02,100,16.67,rain,0,0,25.7,16.1,94.4,1022.9,42.4,6.2,177.5,15.3,6,10,2024-11-07T06:28:10,2024-11-07T17:25:00,0.2,"Rain, Partially cloudy",Partly cloudy throughout the day with rain in the morning and afternoon.,rain,"40394099999,OEHL"
"Hail, Saudi Arabia",2024-11-08,82.4,59,69,81.5,59,68.9,54.7,63.3,0,0,0,,0,0,23.9,13.9,128.4,1021.4,27.3,6.2,181.7,15.6,7,10,2024-11-08T06:28:54,2024-11-08T17:24:24,0.24,Partially cloudy,Partly cloudy throughout the day.,partly-cloudy-day,"40394099999,OEHL"
"Hail, Saudi Arabia",2024-11-09,86,60.8,73.9,84.2,60.8,73.5,52.6,50.6,0,0,0,,0,0,29.3,18.3,180.9,1019,22.6,6.2,195.1,16.9,7,10,2024-11-09T06:29:39,2024-11-09T17:23:51,0.25,Partially cloudy,Partly cloudy throughout the day.,partly-cloudy-day,"40394099999,OEHL"
"Hail, Saudi Arabia",2024-11-10,84.3,64.4,74.6,81.8,64.4,73.9,45.9,37.3,0,0,0,,0,0,32.4,23,210.3,1019.7,25.3,6.2,200.1,17.2,7,10,2024-11-10T06:30:23,2024-11-10T17:23:18,0.31,Partially cloudy,Partly cloudy throughout the day.,partly-cloudy-day,"40394099999,OEHL"
"Hail, Saudi Arabia",2024-11-11,86,62.7,74.4,83.4,62.7,73.7,47,39.4,0,0,0,,0,0,31.8,16.1,215.3,1020.1,4,6.2,199.4,17.3,7,10,2024-11-11T06:31:08,2024-11-11T17:22:47,0.34,Clear,Clear conditions throughout the day.,clear-day,"40394099999,OEHL"
"Hail, Saudi Arabia",2024-11-12,84.2,58.8,71.2,82.5,58.8,70.8,51.5,54.8,0,0,0,,0,0,15,13.9,90.6,1019.8,10.8,6.2,198.7,17.1,7,10,2024-11-12T06:31:54,2024-11-12T17:22:18,0.38,Clear,Clear conditions throughout the day.,clear-day,"40394099999,OEHL"
"Hail, Saudi Arabia",2024-11-13,74.8,58.8,66.1,74.8,58.8,66.1,50.8,58.8,0,0,0,,0,0,19.7,11.4,56.5,1020.6,3.3,6.2,197.5,16.9,7,10,2024-11-13T06:32:39,2024-11-13T17:21:49,0.41,Clear,Clear conditions throughout the day.,clear-day,"40394099999,OEHL"
"Hail, Saudi Arabia",2024-11-14,77,57.2,65.9,77,57.2,65.9,48.7,54.8,0,0,0,,0,0,17.7,11.4,82.4,1020.2,33.5,6.2,194.7,16.8,7,10,2024-11-14T06:33:25,2024-11-14T17:21:23,0.45,Partially cloudy,Becoming cloudy in the afternoon.,partly-cloudy-day,"40394099999,OEHL"
"Hail, Saudi Arabia",2024-11-15,82,53.6,67.4,80.1,53.6,67.1,44.6,48.2,0,0,0,,0,0,24.4,16.1,187.7,1019,0.6,6.1,197.3,16.9,7,10,2024-11-15T06:34:11,2024-11-15T17:20:58,0.48,Clear,Clear conditions throughout the day.,clear-day,"40394099999,OEHL"
"Hail, Saudi Arabia",2024-11-16,82.4,55.5,69.8,80.4,55.5,69.4,41.4,37.4,0,0,0,,0,0,34.2,13.9,214.9,1017.7,1.7,6.2,196.7,16.9,7,10,2024-11-16T06:34:57,2024-11-16T17:20:34,0.5,Clear,Clear conditions throughout the day.,clear-day,"40394099999,OEHL"
"Hail, Saudi Arabia",2024-11-17,80.9,60.8,70.3,79.7,60.8,70.2,46.6,44.2,0,0,0,,0,0,17.2,11.4,57.7,1017,37.7,6.2,180.5,15.7,7,10,2024-11-17T06:35:43,2024-11-17T17:20:12,0.55,Partially cloudy,Becoming cloudy in the afternoon.,partly-cloudy-day,"40394099999,OEHL"
"Hail, Saudi Arabia",2024-11-18,78.7,60.7,69.6,78.7,60.7,69.6,46.5,44.9,0,0,0,,0,0,23.9,18.3,267.8,1016.3,14.4,6.2,177.4,15.3,7,10,2024-11-18T06:36:30,2024-11-18T17:19:51,0.58,Clear,Clear conditions throughout the day.,clear-day,"40394099999,OEHL"
"Hail, Saudi Arabia",2024-11-19,75.1,55.3,65.9,75.1,55.3,65.9,39.6,39.1,0,0,0,,0,0,19.2,9.2,68.6,1019,3.5,6.2,190.1,16.3,7,10,2024-11-19T06:37:17,2024-11-19T17:19:32,0.61,Clear,Clear conditions throughout the day.,clear-day,OEHL
"Hail, Saudi Arabia",2024-11-20,75.1,57.1,65.3,75.1,57.1,65.3,45.7,49.9,0,0,0,,0,0,23.3,11.4,79.8,1019.3,10.4,6.2,179.5,15.4,7,10,2024-11-20T06:38:03,2024-11-20T17:19:15,0.65,Clear,Clear conditions throughout the day.,clear-day,OEHL
"Hail, Saudi Arabia",2024-11-21,76.9,55.3,64.9,76.9,55.3,64.9,49.2,57.6,0,0,0,,0,0,17.9,9.2,37.2,1019,44,6.2,182.6,15.9,7,10,2024-11-21T06:38:50,2024-11-21T17:18:59,0.68,Partially cloudy,Partly cloudy throughout the day.,partly-cloudy-day,OEHL
"Hail, Saudi Arabia",2024-11-22,71.6,57.2,63.9,71.6,57.2,63.9,46.3,53.3,0.004,100,4.17,rain,0,0,24.8,13.9,73.4,1021.7,78.9,6.2,128.9,11.1,6,10,2024-11-22T06:39:37,2024-11-22T17:18:44,0.71,"Rain, Partially cloudy",Partly cloudy throughout the day with late afternoon rain.,rain,"40394099999,OEHL"
"Hail, Saudi Arabia",2024-11-23,75,57.2,64.4,75,57.2,64.4,45.4,51.3,0.044,100,12.5,rain,0,0,26.8,16.1,103.2,1021.9,35.4,6.2,151.3,13,6,10,2024-11-23T06:40:24,2024-11-23T17:18:32,0.75,"Rain, Partially cloudy",Partly cloudy throughout the day with rain clearing later.,rain,"40394099999,OEHL"
"Hail, Saudi Arabia",2024-11-24,80.6,55.4,67.4,80.1,55.4,67.3,50,56,0,0,0,,0,0,31.3,20.8,233,1016,37.1,6.2,161.3,14,6,10,2024-11-24T06:41:10,2024-11-24T17:18:20,0.78,Partially cloudy,Partly cloudy throughout the day.,partly-cloudy-day,"40394099999,OEHL"
"Hail, Saudi Arabia",2024-11-25,66.5,55.2,60.1,66.5,55.2,60.1,49.9,69.4,0,0,0,,0,0,16.1,9.2,61.4,1015.2,3.2,6.2,185.7,16,7,10,2024-11-25T06:41:57,2024-11-25T17:18:11,0.81,Clear,Clear conditions throughout the day.,clear-day,"40394099999,OEHL"
"Hail, Saudi Arabia",2024-11-26,75.5,48.2,61.9,75.5,46.3,61.8,47.2,61.7,0,0,0,,0,0,27.5,16.1,254.4,1016.2,8.5,6.2,184.9,16,7,10,2024-11-26T06:42:44,2024-11-26T17:18:03,0.84,Clear,Clear conditions throughout the day.,clear-day,"40394099999,OEHL"
"Hail, Saudi Arabia",2024-11-27,60.8,46.4,53.8,60.8,42.8,53.1,38.7,57.3,0,0,0,,0,0,17.4,13.9,40.5,1021.3,0.1,6.2,185.7,16.1,7,10,2024-11-27T06:43:30,2024-11-27T17:17:57,0.87,Clear,Clear conditions throughout the day.,clear-day,"40394099999,OEHL"
"Hail, Saudi Arabia",2024-11-28,60.8,42.8,51.4,60.8,42.8,51.1,38,61.2,0,0,0,,0,0,14.8,9.2,65,1023.7,5.8,6.2,185.3,16.1,7,10,2024-11-28T06:44:16,2024-11-28T17:17:52,0.91,Clear,Clear conditions throughout the day.,clear-day,"40394099999,OEHL"
"Hail, Saudi Arabia",2024-11-29,66.2,42.8,54.3,66.2,38.6,53.6,36.1,51.9,0,0,0,,0,0,17.2,9.2,183.9,1022.7,30.2,6.2,172.6,15,7,10,2024-11-29T06:45:02,2024-11-29T17:17:49,0.94,Partially cloudy,Partly cloudy throughout the day.,partly-cloudy-day,"40394099999,OEHL"
"Hail, Saudi Arabia",2024-11-30,68.1,50,58,68.1,50,58,38.7,49.4,0,0,0,,0,0,17,11.4,102.1,1021.7,7.9,6.2,174.8,15.1,7,10,2024-11-30T06:45:48,2024-11-30T17:17:47,0.97,Clear,Clear conditions throughout the day.,clear-day,"40394099999,OEHL"
"Hail, Saudi Arabia",2024-12-01,67.9,44.5,56.1,67.9,40.6,55.9,38.7,53.4,0,0,0,,0,0,18.6,13.9,109.2,1020.2,2,6.2,179.5,15.4,7,10,2024-12-01T06:46:33,2024-12-01T17:17:47,0,Clear,Clear conditions throughout the day.,clear-day,"40394099999,OEHL"
"Hail, Saudi Arabia",2024-12-02,68.3,44.2,56.8,68.3,41.7,56.5,38.8,52.7,0,0,0,,0,0,18.1,9.2,196.8,1018.8,0,6.2,183.5,15.9,7,10,2024-12-02T06:47:18,2024-12-02T17:17:49,0.04,Clear,Clear conditions throughout the day.,clear-day,"40394099999,OEHL"
"Hail, Saudi Arabia",2024-12-03,73.5,46.4,60,73.5,42.9,59.7,41,50.9,0,0,0,,0,0,18.3,13.9,192.6,1017.3,8.7,6.2,179.3,15.4,7,10,2024-12-03T06:48:03,2024-12-03T17:17:52,0.07,Clear,Clear conditions throughout the day.,clear-day,"40394099999,OEHL"
"Hail, Saudi Arabia",2024-12-04,73,49.6,61.5,73,49.6,61.5,38.2,46.6,0,0,0,,0,0,15.7,13.9,255.3,1018,21.4,6.2,183.9,15.8,7,10,2024-12-04T06:48:47,2024-12-04T17:17:57,0.11,Partially cloudy,Partly cloudy throughout the day.,partly-cloudy-day,"40394099999,OEHL"
"Hail, Saudi Arabia",2024-12-05,69.8,44.6,58.7,69.8,42.1,58.5,41.4,55,0,0,0,,0,0,20.4,13.9,74.7,1020.3,2,6.2,178.8,15.4,7,10,2024-12-05T06:49:31,2024-12-05T17:18:04,0.15,Clear,Clear conditions throughout the day.,clear-day,"40394099999,OEHL"
"Hail, Saudi Arabia",2024-12-06,67.6,50,58.1,67.6,50,58.1,45,62.1,0,0,0,,0,0,21.7,11.4,68.4,1023,47.5,6.2,170,14.8,7,10,2024-12-06T06:50:14,2024-12-06T17:18:12,0.18,Partially cloudy,Partly cloudy throughout the day.,partly-cloudy-day,"40394099999,OEHL"
"Hail, Saudi Arabia",2024-12-07,80.6,50,63,79.7,50,62.9,48.2,62.5,0,0,0,,0,0,19.2,13.9,187.4,1023.6,7.8,6,176.7,15.2,7,10,2024-12-07T06:50:57,2024-12-07T17:18:21,0.22,Clear,Clear conditions throughout the day.,clear-day,"40394099999,OEHL"
"Hail, Saudi Arabia",2024-12-08,82.4,57.2,67.3,80.2,57.2,66.9,41.9,43,0,0,0,,0,0,29.5,18.3,218.5,1022.1,85.5,6.2,170.8,14.8,7,10,2024-12-08T06:51:39,2024-12-08T17:18:32,0.25,Partially cloudy,Partly cloudy throughout the day.,partly-cloudy-day,"40394099999,OEHL"
"Hail, Saudi Arabia",2024-12-09,69.8,53.6,61.5,69.8,53.6,61.5,37.4,42.4,0,0,0,,0,0,19.9,11.4,18.5,1024.5,3.5,6.2,178.8,15.3,7,10,2024-12-09T06:52:20,2024-12-09T17:18:45,0.29,Clear,Clear conditions throughout the day.,clear-day,"40394099999,OEHL"
"Hail, Saudi Arabia",2024-12-10,64.7,41,54.6,64.7,37.9,54.2,36.9,53.5,0,0,0,,0,0,15.2,6.9,67.3,1025.8,6.4,6.2,182.3,15.8,7,10,2024-12-10T06:53:01,2024-12-10T17:18:59,0.32,Clear,Clear conditions throughout the day.,clear-day,"40394099999,OEHL"
"Hail, Saudi Arabia",2024-12-11,69.8,41,54.4,69.8,36.4,53.7,33.2,48.3,0,0,0,,0,0,11.6,6.9,174.2,1024.5,35.3,6.2,182.1,15.9,7,10,2024-12-11T06:53:41,2024-12-11T17:19:15,0.36,Partially cloudy,Partly cloudy throughout the day.,partly-cloudy-day,"40394099999,OEHL"
"Hail, Saudi Arabia",2024-12-12,73.4,42.8,57.6,73.4,37.5,56.3,31,38.6,0,0,0,,0,0,19.5,11.4,211.6,1020.4,69.5,6.2,175.8,15.3,7,10,2024-12-12T06:54:20,2024-12-12T17:19:32,0.39,Partially cloudy,Partly cloudy throughout the day.,partly-cloudy-day,"40394099999,OEHL"
"Hail, Saudi Arabia",2024-12-13,71.6,48.2,59.1,71.6,43.3,58.7,32.1,37.3,0,0,0,,0,0,21.3,13.9,337.6,1017.7,20.6,6.2,177.6,15.3,7,10,2024-12-13T06:54:59,2024-12-13T17:19:51,0.43,Partially cloudy,Partly cloudy throughout the day.,partly-cloudy-day,"40394099999,OEHL"
"Hail, Saudi Arabia",2024-12-14,60.8,48.2,54.4,60.8,45.1,54.3,39.4,58,0,0,0,,0,0,18.6,13.9,28.5,1022.1,3.8,6.2,174.8,15.1,7,10,2024-12-14T06:55:36,2024-12-14T17:20:11,0.46,Clear,Clear conditions throughout the day.,clear-day,"40394099999,OEHL"
"Hail, Saudi Arabia",2024-12-15,53.6,39.2,45.1,53.6,35.8,42.9,22.8,42.4,0,0,0,,0,0,15.7,9.2,45.7,1028.1,5.2,6.2,186.2,16.2,7,10,2024-12-15T06:56:13,2024-12-15T17:20:32,0.5,Clear,Clear conditions throughout the day.,clear-day,"40394099999,OEHL"
"Hail, Saudi Arabia",2024-12-16,64.2,33.6,47.4,64.2,27.5,45.5,17.1,32.3,0,0,0,,0,0,17.9,16.1,182.2,1025.7,0,6.2,180.7,15.7,7,10,2024-12-16T06:56:49,2024-12-16T17:20:55,0.53,Clear,Clear conditions throughout the day.,clear-day,"40394099999,OEHL"
"Hail, Saudi Arabia",2024-12-17,68,41,53,68,36.4,51.3,20,27.6,0,0,0,,0,0,18.1,16.1,166.4,1023.3,64.7,6.2,169,14.5,6,10,2024-12-17T06:57:24,2024-12-17T17:21:19,0.56,Partially cloudy,Partly cloudy throughout the day.,partly-cloudy-day,"40394099999,OEHL"
"Hail, Saudi Arabia",2024-12-18,60.7,37.4,49.5,60.7,37.4,49.4,16.1,27.2,0,0,0,,0,0,15,9.2,68.8,1023.2,94.9,6.2,165.9,14.2,7,10,2024-12-18T06:57:58,2024-12-18T17:21:45,0.6,Overcast,Cloudy skies throughout the day.,cloudy,"40394099999,OEHL"
"Hail, Saudi Arabia",2024-12-19,71.4,39.2,54.2,71.4,34.2,53.4,20.4,26.9,0,0,0,,0,0,22.6,16.1,196,1020.4,55.7,6.2,172.5,14.8,7,10,2024-12-19T06:58:30,2024-12-19T17:22:12,0.63,Partially cloudy,Clearing in the afternoon.,partly-cloudy-day,"40394099999,OEHL"
"Hail, Saudi Arabia",2024-12-20,69.8,48.2,57.4,69.8,45.9,57,35.6,44.8,0.012,100,4.17,rain,0,0,29.8,23,257.9,1016.3,20.4,6.2,116.6,9.9,4,10,2024-12-20T06:59:02,2024-12-20T17:22:40,0.66,"Rain, Partially cloudy",Becoming cloudy in the afternoon with afternoon rain.,rain,"40394099999,OEHL"
"Hail, Saudi Arabia",2024-12-21,59,44.6,51.9,59,44.1,51.4,40.3,65.2,0,0,0,,0,0,21.3,11.4,336.6,1021.5,4.2,6.2,176.4,15.3,7,10,2024-12-21T06:59:33,2024-12-21T17:23:09,0.69,Clear,Clear conditions throughout the day.,clear-day,"40394099999,OEHL"
"Hail, Saudi Arabia",2024-12-22,59.3,37.4,48.8,59.3,33.7,47.4,34.5,61.6,0,0,0,,0,0,13,6.9,89.2,1022.4,0,6.2,180.1,15.5,7,10,2024-12-22T07:00:02,2024-12-22T17:23:40,0.72,Clear,Clear conditions throughout the day.,clear-day,"40394099999,OEHL"
"Hail, Saudi Arabia",2024-12-23,66.2,35.6,51.3,66.2,33.2,50.9,32.4,50.5,0,0,0,,0,0,21.9,11.4,186.3,1018.8,42.2,6.2,143.1,12.3,5,10,2024-12-23T07:00:30,2024-12-23T17:24:12,0.75,Partially cloudy,Partly cloudy throughout the day.,partly-cloudy-day,"40394099999,OEHL"
"Hail, Saudi Arabia",2024-12-24,68.3,46.4,57.1,68.3,42.9,56.6,36.8,48.7,0,0,0,,0,0,16.3,11.4,273.8,1018.1,8.8,6.2,175.3,15.2,7,10,2024-12-24T07:00:57,2024-12-24T17:24:45,0.79,Clear,Clear conditions throughout the day.,clear-day,"40394099999,OEHL"
"Hail, Saudi Arabia",2024-12-25,68.3,39.2,54.7,68.3,39.2,54.7,36.7,52.4,0,0,0,,0,0,19.9,13.9,76,1020.6,2.6,6.2,176.9,15.3,7,10,2024-12-25T07:01:23,2024-12-25T17:25:19,0.82,Clear,Clear conditions throughout the day.,clear-day,"40394099999,OEHL"
"Hail, Saudi Arabia",2024-12-26,71.7,41,57.7,71.7,41,57.6,43,61.8,0,0,0,,0,0,21,20.8,216.5,1019.1,1.5,6.2,174.8,15,7,10,2024-12-26T07:01:48,2024-12-26T17:25:54,0.85,Clear,Clear conditions throughout the day.,clear-day,"40394099999,OEHL"
"Hail, Saudi Arabia",2024-12-27,75.2,46.4,62.4,75.2,41.9,62.2,40,47.1,0,0,0,,0,0,29.1,25.3,227.6,1016.7,34.6,6.2,172.2,14.8,7,10,2024-12-27T07:02:11,2024-12-27T17:26:30,0.89,Partially cloudy,Partly cloudy throughout the day.,partly-cloudy-day,"40394099999,OEHL"
"Hail, Saudi Arabia",2024-12-28,62.9,46.4,55.8,62.9,46.4,55.7,31,40,0,0,0,,0,0,19.2,13.9,20.1,1021,82.9,6.2,162.6,14,7,10,2024-12-28T07:02:33,2024-12-28T17:27:07,0.92,Partially cloudy,Partly cloudy throughout the day.,partly-cloudy-day,"40394099999,OEHL"
"Hail, Saudi Arabia",2024-12-29,64.4,44.6,54,64.4,44.6,54,31.3,42.6,0,0,0,,0,0,19.7,6.9,111.7,1021.8,56.9,6.2,176,15.3,7,10,2024-12-29T07:02:53,2024-12-29T17:27:45,0.95,Partially cloudy,Becoming cloudy in the afternoon.,partly-cloudy-day,"40394099999,OEHL"
"Hail, Saudi Arabia",2024-12-30,62.6,43.1,53.6,62.6,42.1,53.3,25.8,38.4,0,0,0,,0,0,17.7,11.4,245.4,1019.7,80.7,6.2,133.3,11.6,6,10,2024-12-30T07:03:12,2024-12-30T17:28:24,0.98,Partially cloudy,Partly cloudy throughout the day.,partly-cloudy-day,"40394099999,OEHL"
"Hail, Saudi Arabia",2024-12-31,57.5,35.6,48.3,57.5,31.6,47.1,25,40.5,0,0,0,,0,0,17.9,13.9,329.2,1022.1,17.3,6.2,179,15.4,7,10,2024-12-31T07:03:30,2024-12-31T17:29:04,0,Clear,Clear conditions throughout the day.,clear-day,"40394099999,OEHL"
